category,item_id
Office Products,G9WMY
Office Products,NBW4Z
Pet Supplies,NL2WY
Electronics,9135Q
Electronics,ZVR5Z
"Clothing, Shoes & Jewelry",E1ZRQ
"Arts, Crafts & Sewing",W2VY6
Sports & Outdoors,4UG2X
Home & Kitchen,MF3MA
Electronics,UIR9A
Others,SCBAR
Pet Supplies,YBPFT
Toys & Games,T2I4S
Pet Supplies,6CYXV
Sports & Outdoors,2DS61
Toys & Games,F92IG
Office Products,YNQYO
Sports & Outdoors,5JZ1Z
"Arts, Crafts & Sewing",PFJZX
Beauty & Personal Care,TLK9K
Beauty & Personal Care,JJDHJ
Home & Kitchen,J52AU
Beauty & Personal Care,VI9XK
Beauty & Personal Care,ZA1O1
Beauty & Personal Care,GI3W6
"Arts, Crafts & Sewing",7D3PZ
Others,BBT3H
Toys & Games,4IBZ1
Sports & Outdoors,SGPTE
Home & Kitchen,A7G8C
Toys & Games,J348U
Others,OSKPM
Sports & Outdoors,Y9WG6
"Arts, Crafts & Sewing",3J8RD
Beauty & Personal Care,PCOU6
Home & Kitchen,AZQPB
Electronics,8LXVO
Toys & Games,C228J
Beauty & Personal Care,87LAG
Beauty & Personal Care,HHDHJ
"Clothing, Shoes & Jewelry",VU80J
Home & Kitchen,RJWPA
Sports & Outdoors,YCIGI
Beauty & Personal Care,0LJCV
"Arts, Crafts & Sewing",44923
Beauty & Personal Care,L5WIC
Others,FF1UT
Home & Kitchen,EAOS9
Toys & Games,5C0AX
Office Products,MOEMV
Others,7LU7S
Beauty & Personal Care,T3WJL
Others,JYKNH
Others,V7KJA
Others,9YGH1
Toys & Games,L5WSL
Sports & Outdoors,WW0H1
"Clothing, Shoes & Jewelry",TQEAU
Beauty & Personal Care,AOIBW
Toys & Games,QBO0V
Sports & Outdoors,A0VN9
Sports & Outdoors,POY3P
"Arts, Crafts & Sewing",IBMNJ
Electronics,SPX6A
Others,ERP4W
Home & Kitchen,F8KHW
Home & Kitchen,BICLS
Home & Kitchen,AAQ2V
Electronics,QJCXB
Beauty & Personal Care,WXVDP
Electronics,CZ8HX
Pet Supplies,L6KPB
Office Products,86HO3
Electronics,6MR70
"Arts, Crafts & Sewing",FE2RM
Toys & Games,05RLT
Beauty & Personal Care,E5TLF
Electronics,CBIYN
"Arts, Crafts & Sewing",95TFL
Toys & Games,GUKJ5
Toys & Games,LBYQP
Others,Y3XA9
Sports & Outdoors,V57SD
Office Products,LAFE6
Pet Supplies,0CGK1
Pet Supplies,M1SOB
Beauty & Personal Care,IQZI6
Beauty & Personal Care,N1OKM
Electronics,NFUD2
Others,5V44Z
Others,WK7XM
"Clothing, Shoes & Jewelry",4J9W6
"Clothing, Shoes & Jewelry",YG3TD
Others,KYOO6
"Clothing, Shoes & Jewelry",GS39K
Electronics,9FIEO
Home & Kitchen,A3FNT
Electronics,77X9V
Others,YU5MK
"Clothing, Shoes & Jewelry",3GIJJ
Electronics,MYJ07
Sports & Outdoors,E6FDC
Pet Supplies,3QBH9
Office Products,6K54R
Electronics,OATI0
"Arts, Crafts & Sewing",A38YQ
Office Products,LZ3IZ
Home & Kitchen,ZV37K
Office Products,K6F80
Home & Kitchen,JQIZU
Pet Supplies,B1WSU
Home & Kitchen,K85RF
Toys & Games,0TMEN
Beauty & Personal Care,UQI4C
Home & Kitchen,MQQVX
Home & Kitchen,16XZX
Sports & Outdoors,YR9IC
Sports & Outdoors,AXHYM
Pet Supplies,HZY77
Sports & Outdoors,703KP
Beauty & Personal Care,F5DE2
Beauty & Personal Care,SLGWH
Sports & Outdoors,MF8L6
Home & Kitchen,R8ZNT
Beauty & Personal Care,6KEJ9
"Arts, Crafts & Sewing",NQON9
Pet Supplies,YR8F8
Others,0HRXO
Home & Kitchen,GQIKI
Toys & Games,K8J6O
Electronics,G2W79
"Clothing, Shoes & Jewelry",1DFNM
Beauty & Personal Care,DEAQN
"Arts, Crafts & Sewing",MVR7X
Sports & Outdoors,QUTVA
Electronics,BLYA4
Toys & Games,EAG17
"Arts, Crafts & Sewing",ZN492
"Clothing, Shoes & Jewelry",AOK6V
Pet Supplies,77EMZ
Others,SUWI1
"Arts, Crafts & Sewing",DKUNX
Home & Kitchen,A4D5Z
Others,WMTTJ
Electronics,TABM6
Toys & Games,GO4NJ
Sports & Outdoors,DDXDK
Toys & Games,YFAT8
Electronics,IZQ4T
Home & Kitchen,47TZC
Pet Supplies,ILX7C
"Arts, Crafts & Sewing",GOLS1
"Arts, Crafts & Sewing",9W9VI
Toys & Games,T7ZIJ
Sports & Outdoors,BRGOP
Beauty & Personal Care,IFSLQ
Toys & Games,NBBT0
Others,ZDJ5J
"Clothing, Shoes & Jewelry",MGYBC
Toys & Games,G0YO4
"Arts, Crafts & Sewing",XAOZP
Others,1WQXN
Toys & Games,N2LC5
Pet Supplies,49N6T
"Arts, Crafts & Sewing",I05MU
Electronics,S9DRY
"Arts, Crafts & Sewing",FBDW7
Toys & Games,DSDYN
"Arts, Crafts & Sewing",NO7E9
Home & Kitchen,594BG
Electronics,YOBR0
Toys & Games,UDVEB
Home & Kitchen,1Q1S6
Pet Supplies,1INO4
"Clothing, Shoes & Jewelry",DDHY2
Home & Kitchen,QYR18
Home & Kitchen,K70IV
"Clothing, Shoes & Jewelry",BAK0R
Pet Supplies,VBEFT
Home & Kitchen,7H8HN
Home & Kitchen,BBB6Q
Toys & Games,CXUCE
Pet Supplies,OVI5Q
Beauty & Personal Care,KXAEK
Home & Kitchen,GGVA0
Pet Supplies,XP27B
Office Products,JB2MI
"Clothing, Shoes & Jewelry",4IHZH
"Arts, Crafts & Sewing",382XM
Office Products,EMK94
Beauty & Personal Care,RLZ58
"Arts, Crafts & Sewing",2XIBM
Sports & Outdoors,JHAMI
Office Products,ZCZOB
Pet Supplies,MGBAZ
Pet Supplies,9TMLV
Electronics,WZFBO
Electronics,VK0WY
Electronics,PCMU7
Home & Kitchen,96ELI
Sports & Outdoors,G0MGV
Electronics,PD8NX
Home & Kitchen,4GP4B
Others,7ZVFV
Pet Supplies,ZA0MC
Toys & Games,NJLJ8
"Clothing, Shoes & Jewelry",WEF0G
"Arts, Crafts & Sewing",XLVRL
Beauty & Personal Care,F5BQE
Electronics,6L8G2
"Arts, Crafts & Sewing",Y46O9
Others,480VS
Toys & Games,BM6UL
"Clothing, Shoes & Jewelry",Q4JFC
Toys & Games,U79AL
Sports & Outdoors,UGQFT
Home & Kitchen,H0LBB
Electronics,7CK2Z
"Clothing, Shoes & Jewelry",KANQZ
Pet Supplies,VZBXJ
Home & Kitchen,S7KQ3
Office Products,MXE8U
Office Products,5QRTB
Electronics,7LZX0
Electronics,ATJC9
Office Products,4SGT8
Electronics,C95M1
"Clothing, Shoes & Jewelry",5DN5Q
Beauty & Personal Care,3XGCO
Pet Supplies,5C8TU
Home & Kitchen,G8KW4
Toys & Games,SN2MJ
Office Products,UGF82
Office Products,AOREC
"Arts, Crafts & Sewing",843F4
Home & Kitchen,CHKNO
Others,7Z4PJ
"Arts, Crafts & Sewing",SMK34
Electronics,O061O
Beauty & Personal Care,BBFPG
Others,YTBJN
"Arts, Crafts & Sewing",085HX
Beauty & Personal Care,U4IAW
Office Products,ELZBH
Electronics,M5CMB
Home & Kitchen,9IWTH
Toys & Games,TMQ3L
Others,7N8JR
Office Products,RORDN
"Clothing, Shoes & Jewelry",76KQY
Beauty & Personal Care,H9THU
"Arts, Crafts & Sewing",AN7RV
Electronics,F1VT3
Office Products,9J8OG
Electronics,GY5X2
Sports & Outdoors,EFB6O
Toys & Games,4KF59
Toys & Games,ECDFV
Others,IZ0VC
Others,DW7QG
"Clothing, Shoes & Jewelry",K27EV
Beauty & Personal Care,OYO9S
Toys & Games,IJUC8
Beauty & Personal Care,MPX9T
Home & Kitchen,HZHVP
Sports & Outdoors,WG5RB
Others,UE03R
"Arts, Crafts & Sewing",TEFZG
Electronics,M7R3X
Pet Supplies,7ZPZ2
Pet Supplies,B37SY
Office Products,OMXC8
Others,UK78H
Electronics,H6RIS
"Arts, Crafts & Sewing",CFU2F
Office Products,PV3U0
Office Products,L0MPT
Office Products,0TX2A
"Clothing, Shoes & Jewelry",T2KOI
Toys & Games,VWAPL
"Arts, Crafts & Sewing",FX406
"Clothing, Shoes & Jewelry",N9JTY
"Arts, Crafts & Sewing",97FVH
Home & Kitchen,WSGR0
Home & Kitchen,WWTSK
Toys & Games,62XYD
"Clothing, Shoes & Jewelry",VE2CV
Others,DH7PU
Home & Kitchen,TLFZ2
"Arts, Crafts & Sewing",IISIG
Home & Kitchen,I94M9
Others,31ZNL
Office Products,H8RHL
Office Products,NFWVA
Beauty & Personal Care,EV5F7
"Arts, Crafts & Sewing",ZMV2L
Others,ELFRU
Office Products,A1XY8
"Arts, Crafts & Sewing",YMEV1
Office Products,NG72O
Others,U0CDO
Toys & Games,CT7ZR
"Arts, Crafts & Sewing",0CSWD
Sports & Outdoors,WH2WV
Office Products,MAS6Q
Electronics,CB4CM
Pet Supplies,2N583
Pet Supplies,Y3C35
Home & Kitchen,F6XCD
Electronics,RFSC5
"Arts, Crafts & Sewing",LIZRS
"Arts, Crafts & Sewing",TUA2R
"Clothing, Shoes & Jewelry",6WXZD
Beauty & Personal Care,HBMTH
"Clothing, Shoes & Jewelry",QWERT
Others,1PZ5H
"Clothing, Shoes & Jewelry",DND5A
Electronics,5MD2U
Pet Supplies,69LDO
Others,EERSR
"Arts, Crafts & Sewing",3XDUX
Home & Kitchen,UM9XB
Pet Supplies,C9A1B
Office Products,Z7QYG
Office Products,LQK5J
Sports & Outdoors,3NVQH
Electronics,QNWWM
"Arts, Crafts & Sewing",AB0N5
Sports & Outdoors,6676O
Others,E4KM4
Office Products,YOZ3C
"Arts, Crafts & Sewing",RZ35U
Home & Kitchen,R6FOJ
Beauty & Personal Care,78R60
Pet Supplies,MXDR0
"Arts, Crafts & Sewing",XZIUF
Pet Supplies,QFMWN
Others,KS0TW
Others,XDNR0
Sports & Outdoors,XYJGV
Electronics,QB2K8
Beauty & Personal Care,DNWUU
Home & Kitchen,6GQ39
Office Products,BLQD6
Pet Supplies,XXUZ4
Office Products,BVCKC
"Arts, Crafts & Sewing",GI1FG
Electronics,39ATP
Pet Supplies,I9B3W
Pet Supplies,86YME
Beauty & Personal Care,3OO4B
Sports & Outdoors,WQJJF
Others,WY7DF
"Arts, Crafts & Sewing",28LUI
Pet Supplies,P1S5D
Sports & Outdoors,7332U
"Arts, Crafts & Sewing",W8549
Toys & Games,M4XRC
Others,MP7WL
Electronics,GUMWR
Office Products,P3DEP
Pet Supplies,BUZU0
Electronics,SI1LW
Electronics,ZNU5M
Beauty & Personal Care,7XYZA
Others,ITYI2
Office Products,9HWOZ
Others,G7W7R
Others,BMDTN
Toys & Games,X3UAF
Sports & Outdoors,XSDKM
Beauty & Personal Care,I356R
Beauty & Personal Care,VQO3R
"Clothing, Shoes & Jewelry",6PJCC
Others,3QEXH
"Arts, Crafts & Sewing",9LNG0
Beauty & Personal Care,NC2EE
Toys & Games,FPMGH
Pet Supplies,WVX20
Others,CL4NX
Home & Kitchen,YIS7U
Office Products,6ZAVC
Others,4QIWB
Others,DZSJA
"Arts, Crafts & Sewing",P9ALB
Office Products,KVP18
Electronics,ESWR5
Home & Kitchen,KIE8I
"Clothing, Shoes & Jewelry",GDA7I
Pet Supplies,TLV92
Toys & Games,I2PXD
Pet Supplies,6FJTO
Others,ZQ77O
Toys & Games,SZXPO
"Clothing, Shoes & Jewelry",PFFBX
Electronics,Q4VDG
"Clothing, Shoes & Jewelry",3RX0I
"Clothing, Shoes & Jewelry",NPT7B
Beauty & Personal Care,PYFBF
Home & Kitchen,HO263
Beauty & Personal Care,6NEML
"Arts, Crafts & Sewing",C1GPR
Sports & Outdoors,EDZ7U
Sports & Outdoors,IGUH3
Pet Supplies,LO1AK
"Clothing, Shoes & Jewelry",07QOR
Office Products,29MAH
Beauty & Personal Care,TJGLM
Beauty & Personal Care,0RUP2
Sports & Outdoors,V87LA
Electronics,4XTAT
Toys & Games,Q2SBB
Pet Supplies,K8BLY
Electronics,BR0XK
Beauty & Personal Care,7WOVJ
Pet Supplies,6JISQ
Home & Kitchen,200I1
Beauty & Personal Care,5OB3J
Electronics,549MU
Toys & Games,2QEOS
Pet Supplies,1HLUE
"Arts, Crafts & Sewing",AOOEO
Sports & Outdoors,BOMRW
Office Products,OLRYX
Sports & Outdoors,WZRRL
Home & Kitchen,ERILV
Toys & Games,PH2TJ
Sports & Outdoors,HPXO7
Toys & Games,6162C
"Clothing, Shoes & Jewelry",01BO0
Home & Kitchen,FA9EY
Office Products,INJ0O
Electronics,G8SYB
"Clothing, Shoes & Jewelry",D9FIH
Pet Supplies,G8SHL
Sports & Outdoors,MJXFW
Home & Kitchen,9O6S2
Sports & Outdoors,ZGBFJ
Pet Supplies,921SB
"Clothing, Shoes & Jewelry",EG1FE
Office Products,AQRKJ
Others,TOY1X
Others,RWYF7
Office Products,NCAWF
Others,CYM17
Pet Supplies,4MREU
"Arts, Crafts & Sewing",UCP4V
Beauty & Personal Care,PJE35
"Clothing, Shoes & Jewelry",AI2LO
Office Products,WLABD
Sports & Outdoors,NCCB8
Sports & Outdoors,1L4VF
Pet Supplies,W8CWL
Home & Kitchen,JGRUB
Home & Kitchen,VNAXV
"Arts, Crafts & Sewing",EZF9Y
Office Products,FKNOZ
Toys & Games,1R9PB
Pet Supplies,B2V0D
"Arts, Crafts & Sewing",H6Q9V
Electronics,V7FEA
Home & Kitchen,Y62J9
Electronics,KRXYV
Electronics,9SZGJ
Home & Kitchen,C8AZJ
Sports & Outdoors,H2LM0
"Clothing, Shoes & Jewelry",D2THW
Home & Kitchen,MKF6J
Beauty & Personal Care,YUITH
Home & Kitchen,1XQUT
Toys & Games,VULNG
Electronics,KPTWD
Sports & Outdoors,GGF1D
Sports & Outdoors,Q4H50
Home & Kitchen,E3F66
Electronics,QP1OR
Office Products,0425T
Toys & Games,3D0Q7
Electronics,8ZUNL
Office Products,W6XKK
Electronics,DBXBK
Home & Kitchen,3F9TL
"Clothing, Shoes & Jewelry",US926
Pet Supplies,W8GRD
Electronics,O138G
Toys & Games,FANK8
Office Products,LCB44
Electronics,OLHBA
Electronics,UBEMK
Sports & Outdoors,FM2Q6
Sports & Outdoors,YZZDL
Others,YX8X8
Others,SY32T
Office Products,DZ31Q
Pet Supplies,QIL4P
Office Products,D26MW
Others,U23VS
Sports & Outdoors,8XBYU
Pet Supplies,QEWZZ
"Clothing, Shoes & Jewelry",F44FY
Electronics,HOXC3
Electronics,A54F6
Pet Supplies,3ZYZ5
Beauty & Personal Care,6WDOD
Home & Kitchen,GJOBZ
Toys & Games,UIH1U
Office Products,3NXPF
Electronics,BLMXI
Sports & Outdoors,0WS2G
Electronics,SDE5A
Sports & Outdoors,0G2LN
Home & Kitchen,D5BY1
Toys & Games,Y7FI8
Beauty & Personal Care,RWEGC
Sports & Outdoors,H0LQB
Beauty & Personal Care,EA6IA
Toys & Games,PMSQF
Beauty & Personal Care,MS685
Electronics,QEKVT
Sports & Outdoors,7OWAR
"Arts, Crafts & Sewing",MJJGA
"Arts, Crafts & Sewing",ZVZAW
"Clothing, Shoes & Jewelry",VM62D
Toys & Games,SS80T
"Arts, Crafts & Sewing",3N2TZ
Pet Supplies,WHRKN
Beauty & Personal Care,WV94C
Pet Supplies,M9NSY
Beauty & Personal Care,ZRFPG
Home & Kitchen,NG13U
Beauty & Personal Care,878MI
"Arts, Crafts & Sewing",X25VR
Office Products,UB8C4
"Clothing, Shoes & Jewelry",X49BC
"Arts, Crafts & Sewing",J30TA
Office Products,M4N4M
Beauty & Personal Care,QYHTA
"Clothing, Shoes & Jewelry",A501E
Beauty & Personal Care,WCYUW
Home & Kitchen,UAB0Y
Home & Kitchen,05T1K
Home & Kitchen,QB6QP
"Arts, Crafts & Sewing",D05NK
Home & Kitchen,WPQ2D
Electronics,LPMRZ
"Clothing, Shoes & Jewelry",2RWYC
"Clothing, Shoes & Jewelry",UDROS
Sports & Outdoors,1ZSNN
Sports & Outdoors,0MYC6
"Arts, Crafts & Sewing",ODT6F
Office Products,RX4XW
Sports & Outdoors,5QT5C
Home & Kitchen,ACV5K
Office Products,53SQI
Sports & Outdoors,WHAWF
Others,40ZOV
Sports & Outdoors,3IT62
"Arts, Crafts & Sewing",DX25V
Office Products,2XSNC
"Arts, Crafts & Sewing",61QRG
"Clothing, Shoes & Jewelry",0VJPX
Toys & Games,9NK1W
Office Products,D7KEH
"Clothing, Shoes & Jewelry",VVZIM
Home & Kitchen,6MXTX
Home & Kitchen,GJN4E
Others,WAVMQ
Home & Kitchen,HGT1F
Toys & Games,4L7EB
Office Products,E7OIP
"Clothing, Shoes & Jewelry",GDSJ3
Beauty & Personal Care,0W57C
Sports & Outdoors,KSGE2
Others,WWLPO
Beauty & Personal Care,LD6L4
"Arts, Crafts & Sewing",XUK78
Pet Supplies,A4NY9
Beauty & Personal Care,B8LZY
Others,Z0MAF
Toys & Games,5S22C
Others,49ZYJ
Toys & Games,V2XB0
Office Products,HL1U7
Sports & Outdoors,ONHCG
Sports & Outdoors,B1551
"Arts, Crafts & Sewing",I9L7K
Office Products,6Y8JS
Others,39GDX
Office Products,BPQT4
"Clothing, Shoes & Jewelry",CCKL2
Home & Kitchen,VF5GB
Electronics,DZMKZ
"Clothing, Shoes & Jewelry",OR4B7
Home & Kitchen,4AZ07
Toys & Games,YZ6S4
Home & Kitchen,LSYV9
"Arts, Crafts & Sewing",2D9NJ
Toys & Games,DQIGN
"Arts, Crafts & Sewing",Z8ARP
Office Products,LMWIC
Beauty & Personal Care,K2SPN
Others,8MGDR
Electronics,HJG6W
Beauty & Personal Care,5JTDK
Sports & Outdoors,6TKZ2
Electronics,R0Z91
"Arts, Crafts & Sewing",A6HI1
Pet Supplies,N95A9
Toys & Games,NYA08
Electronics,HZUHR
Others,9EGOQ
Home & Kitchen,XIDC1
Beauty & Personal Care,635K5
"Clothing, Shoes & Jewelry",J5JKD
Sports & Outdoors,3B3ZI
"Clothing, Shoes & Jewelry",756GQ
Pet Supplies,EG4SO
"Clothing, Shoes & Jewelry",36289
"Arts, Crafts & Sewing",3X6LA
Office Products,5IXRK
Electronics,C802K
Office Products,IX6E4
"Arts, Crafts & Sewing",6S907
Others,TV4SE
"Arts, Crafts & Sewing",0RLDQ
Beauty & Personal Care,RIQN6
Sports & Outdoors,S2PAQ
"Arts, Crafts & Sewing",NOMII
Sports & Outdoors,JFKKZ
Office Products,CI9IY
Others,S0B27
Office Products,VKT7O
Pet Supplies,RCJ9V
Pet Supplies,L6Y82
Sports & Outdoors,HTCXX
"Arts, Crafts & Sewing",UVB6W
Toys & Games,87TYB
Pet Supplies,IJWP3
Others,FYHRP
Others,K5ZO3
Pet Supplies,5I0AY
Electronics,XEL1N
Beauty & Personal Care,5XSI3
Toys & Games,L9P3N
Office Products,98XKP
Home & Kitchen,E6TD8
Sports & Outdoors,E5IPT
Toys & Games,OSQNL
Office Products,7OFKK
"Clothing, Shoes & Jewelry",N6EE8
Sports & Outdoors,TL0NY
Others,PH7G6
Toys & Games,Z71ML
"Clothing, Shoes & Jewelry",8UR1F
Electronics,6VNJH
Beauty & Personal Care,GAVEY
Others,ICCZ6
Pet Supplies,N25NF
Beauty & Personal Care,3MF6F
Others,I03YC
Home & Kitchen,X6TFT
Beauty & Personal Care,MBEW1
Electronics,7U5ZQ
Office Products,PXSIB
"Clothing, Shoes & Jewelry",EOD6K
Electronics,H9K88
"Arts, Crafts & Sewing",N9B9M
Others,BM21V
Pet Supplies,5R6BR
Toys & Games,BXN3O
Others,MILXI
Beauty & Personal Care,WH64S
Toys & Games,G5H3L
Pet Supplies,4EPK7
Pet Supplies,IDWYZ
Sports & Outdoors,K4UET
Toys & Games,JU8WW
Office Products,KN7Y0
Others,TGCQG
Others,OB3ME
"Arts, Crafts & Sewing",HYB2U
Office Products,MB7WD
Beauty & Personal Care,PG93O
Electronics,22V1Z
Pet Supplies,RFAI5
Others,QYXZ1
"Clothing, Shoes & Jewelry",TLO0G
Office Products,ZXWEN
Toys & Games,YNSB8
"Clothing, Shoes & Jewelry",BADTV
Beauty & Personal Care,L8I6F
"Clothing, Shoes & Jewelry",8DFT7
"Clothing, Shoes & Jewelry",Q6BRQ
Others,E86FY
Sports & Outdoors,MADUT
Office Products,4J0AZ
Others,JKHBF
Toys & Games,VVFC5
Sports & Outdoors,UH2XI
"Arts, Crafts & Sewing",DR5HM
Home & Kitchen,023FB
Beauty & Personal Care,C4EE5
Beauty & Personal Care,XIVDS
"Arts, Crafts & Sewing",KWLIJ
"Clothing, Shoes & Jewelry",EUDZ5
Sports & Outdoors,C2YDP
Beauty & Personal Care,YZF44
Pet Supplies,PFA1M
Home & Kitchen,IMRE9
Electronics,3RE3D
Others,WAL6O
Others,Z7B8I
"Arts, Crafts & Sewing",DPOVW
Electronics,6TGES
"Arts, Crafts & Sewing",XWDWZ
Sports & Outdoors,57CQB
Office Products,WEDE0
Home & Kitchen,1IJ4G
Electronics,KF93G
Office Products,BEXSP
Sports & Outdoors,0G1AD
Pet Supplies,GJ63W
Electronics,1BB7K
Sports & Outdoors,QRH80
Home & Kitchen,KEDMH
Sports & Outdoors,WQVYU
Office Products,ZFSEL
Office Products,F71V4
"Arts, Crafts & Sewing",PW5AR
Others,HO3J6
Beauty & Personal Care,K1GCX
Sports & Outdoors,6HMTH
Others,4S1DM
Toys & Games,82Y0C
Toys & Games,3YK2E
Office Products,EDXKI
Others,VO5S5
Others,BCVG0
Sports & Outdoors,C73RV
Office Products,D7NZZ
Others,YZX0A
Beauty & Personal Care,2G2W0
Office Products,6GVYI
Electronics,PSLIF
Others,LTVME
Home & Kitchen,52854
Office Products,2YGGB
Sports & Outdoors,7L9D2
"Arts, Crafts & Sewing",RT6AO
Others,ZOXPM
"Clothing, Shoes & Jewelry",CCTUH
"Arts, Crafts & Sewing",TU3AC
"Clothing, Shoes & Jewelry",PL96O
Pet Supplies,REVYL
Office Products,2JES3
Electronics,IJECD
Toys & Games,XGFKD
Electronics,W1URV
Office Products,ICE45
Others,MOIYX
Toys & Games,ZYDUA
Sports & Outdoors,IYARV
"Clothing, Shoes & Jewelry",9SBGK
Others,1LO1L
Others,4QXXJ
Sports & Outdoors,W30RB
Toys & Games,CZIJG
"Arts, Crafts & Sewing",8G4BO
Home & Kitchen,WRWM4
Home & Kitchen,D3U37
Beauty & Personal Care,06GCJ
Others,ECIHL
Others,ZHIRU
Others,H78YV
Office Products,IYCCI
"Clothing, Shoes & Jewelry",3U3CR
Pet Supplies,EZ27Z
Toys & Games,4DYXY
Beauty & Personal Care,UUUQH
"Arts, Crafts & Sewing",ZG4HN
"Clothing, Shoes & Jewelry",1V9FH
Beauty & Personal Care,7FX8V
Others,7GPB2
Beauty & Personal Care,5W9NE
"Clothing, Shoes & Jewelry",ZH4NE
"Arts, Crafts & Sewing",W55CI
Home & Kitchen,YSRFE
Electronics,0XW9D
Beauty & Personal Care,R1HRI
Toys & Games,Q9NRW
"Clothing, Shoes & Jewelry",RLMFM
"Clothing, Shoes & Jewelry",8OE88
Electronics,L6K92
Electronics,UY2H9
Others,NKRP6
"Arts, Crafts & Sewing",UQMSY
Toys & Games,NQG7W
Beauty & Personal Care,JCKHV
Sports & Outdoors,GEOZP
Sports & Outdoors,OLM34
Home & Kitchen,6RLUI
"Arts, Crafts & Sewing",K8GM8
Pet Supplies,THFWC
Sports & Outdoors,S73FI
Electronics,0IXUU
Electronics,JCQB2
"Arts, Crafts & Sewing",OD56O
Office Products,YBIX4
Toys & Games,UYE30
Home & Kitchen,L04GR
Toys & Games,HK6U7
Pet Supplies,M4FF2
Home & Kitchen,220YV
Office Products,5OTOB
Beauty & Personal Care,D4CC0
Home & Kitchen,KVYZZ
Others,LR320
"Arts, Crafts & Sewing",9KF13
Sports & Outdoors,ECC6D
Electronics,ERFBY
Electronics,D8PUU
"Arts, Crafts & Sewing",25058
Office Products,LBRR3
Pet Supplies,5INUN
Toys & Games,3C5S5
Others,BD3R5
Pet Supplies,0832A
"Arts, Crafts & Sewing",GRMIA
Pet Supplies,2SR3U
Home & Kitchen,6VP33
"Arts, Crafts & Sewing",X4PVJ
Sports & Outdoors,6SHXR
"Arts, Crafts & Sewing",X4YTY
"Arts, Crafts & Sewing",MZZJW
"Arts, Crafts & Sewing",JSDUQ
Others,MBV8I
Others,RO6ZX
Sports & Outdoors,2TCNB
Home & Kitchen,R1226
Home & Kitchen,L8WZZ
Electronics,3OPPI
Beauty & Personal Care,2P8EP
Office Products,2RSLR
"Arts, Crafts & Sewing",8A190
"Arts, Crafts & Sewing",3UO3F
Pet Supplies,IWOX0
"Clothing, Shoes & Jewelry",2A0CU
Toys & Games,D1U9G
Toys & Games,HOPZN
Home & Kitchen,CBK8A
Electronics,HRIGC
Others,S2WK2
Beauty & Personal Care,2IZJ1
Pet Supplies,FTE5K
Others,KH9YG
Home & Kitchen,TQXJ6
Sports & Outdoors,4VT8G
Office Products,P3Q01
Home & Kitchen,LUWLF
Home & Kitchen,9BRO0
Office Products,H4OPW
"Clothing, Shoes & Jewelry",3HZ88
"Clothing, Shoes & Jewelry",H7CXM
Home & Kitchen,BY7WN
"Arts, Crafts & Sewing",FVVDE
Office Products,8BUS8
"Arts, Crafts & Sewing",AEW7U
Others,K7KT7
Home & Kitchen,6G928
Sports & Outdoors,X9CLC
Home & Kitchen,HIBFV
Beauty & Personal Care,8B42J
Toys & Games,YJRT1
Others,S96QH
Electronics,SGBC8
Beauty & Personal Care,6BULB
"Arts, Crafts & Sewing",YBS45
Electronics,8XK4U
"Arts, Crafts & Sewing",8VEXQ
Sports & Outdoors,RK5M7
Sports & Outdoors,UOZZ0
Electronics,712OL
Others,R5P40
Home & Kitchen,5WT6O
"Arts, Crafts & Sewing",92TFM
Others,I6L3Z
Sports & Outdoors,9N9TR
Home & Kitchen,79VP7
"Clothing, Shoes & Jewelry",TT0W1
Toys & Games,3RAPJ
Electronics,S90EO
Beauty & Personal Care,MBP8H
Others,H6QAO
Pet Supplies,25CUM
Pet Supplies,NX1KF
Home & Kitchen,94OTL
Pet Supplies,S0309
Office Products,8ZFK9
Pet Supplies,9V1V6
"Arts, Crafts & Sewing",5N6BX
Toys & Games,0G9UO
Toys & Games,FD7D5
Pet Supplies,VU3F6
Toys & Games,L8S3F
"Clothing, Shoes & Jewelry",HCGL4
Home & Kitchen,RM29I
Sports & Outdoors,WOB08
Home & Kitchen,W6HFD
Others,BNSWP
Office Products,CMS7M
"Arts, Crafts & Sewing",6LAY9
Home & Kitchen,6XMAN
Electronics,QLKFC
Home & Kitchen,43LX4
Home & Kitchen,3G670
"Clothing, Shoes & Jewelry",V4AWC
Toys & Games,DZ0XF
Others,0DBO6
Electronics,M9CV3
Pet Supplies,Y4RI7
Pet Supplies,TZN76
"Clothing, Shoes & Jewelry",GS3YH
Sports & Outdoors,POJY0
Office Products,PUJOY
Beauty & Personal Care,6FIET
Home & Kitchen,32MX6
Beauty & Personal Care,HP259
Others,I0H46
"Arts, Crafts & Sewing",RM3Z3
Pet Supplies,PYZ4Y
Sports & Outdoors,VHQ9W
Others,BRASZ
Office Products,F90SW
"Clothing, Shoes & Jewelry",1LDM5
Office Products,0WHMO
Home & Kitchen,OHA2B
Beauty & Personal Care,019DI
Beauty & Personal Care,HM9FM
"Arts, Crafts & Sewing",DS4GZ
Pet Supplies,PR4UC
Others,A26N8
Office Products,XW1K1
Others,CTGR7
"Arts, Crafts & Sewing",58O0H
Office Products,T56ZE
Home & Kitchen,34H2Q
Office Products,6NXK0
Sports & Outdoors,W1G69
Others,QPNHF
Office Products,VU638
