item_id,frequency
VPUEM,quarterly
EFIJC,yearly
0R25W,quarterly
KV1DG,yearly
XHCBM,once
TW1LD,daily
DKKV7,yearly
0CK2E,once
FIAZ0,monthly
LG4ZF,weekly
Q9UXC,once
EB72M,daily
JG5JZ,weekly
F7E1N,quarterly
G9WMY,daily
B210B,daily
AOXEJ,weekly
BZEEI,once
23ANT,daily
RBHRC,quarterly
FCEQT,yearly
NBW4Z,monthly
FLXDL,once
OZ9O3,once
MS263,weekly
861DH,yearly
UOX4S,quarterly
TAO9K,weekly
YDNCU,weekly
6JFVP,quarterly
ZVR5Z,quarterly
W5DBR,yearly
P8WKJ,quarterly
1JA6J,weekly
E1ZRQ,daily
H84CU,once
II4C7,quarterly
MQUQQ,daily
3P37K,once
AU395,yearly
J7SCA,monthly
S6HXW,quarterly
63C4G,monthly
DI9MA,daily
O5TRO,yearly
JO2SX,weekly
1J5N2,quarterly
G71SV,yearly
BQVIW,daily
UIR9A,daily
Y0ROQ,quarterly
YBPFT,yearly
14DK7,weekly
KP9IK,yearly
Y875G,quarterly
WZQEK,weekly
I6SAJ,yearly
QANLL,daily
60OAD,yearly
MDVIU,yearly
68EAC,once
ODN0B,once
INKF4,quarterly
6IHVA,daily
7FFU2,monthly
WCXLV,once
KC47K,yearly
F85NS,quarterly
Q6S50,quarterly
2T904,quarterly
IRFRO,quarterly
NS9ZE,quarterly
34FRS,once
GG5P7,weekly
8YMTG,yearly
2DS61,monthly
4Q6ZI,daily
UMV0I,once
F92IG,quarterly
DPHK2,quarterly
YNQYO,once
BG37L,weekly
SECFW,monthly
VOYBV,once
LH54I,yearly
QUMHP,monthly
OYAM5,daily
SY6B5,weekly
Y8W94,once
GK3I5,monthly
DI3IQ,once
1MREI,monthly
G82UL,daily
TLK9K,once
U5V46,daily
HD377,weekly
XY7X0,yearly
URS2V,quarterly
AN3TZ,weekly
J52AU,weekly
RMHWY,daily
P8ENU,monthly
BDMK5,once
8OTA0,yearly
ZA1O1,yearly
YLO9G,once
6WPC0,quarterly
2XC7O,monthly
6UPG9,weekly
Q6VOV,yearly
VQ2BV,weekly
OO5QT,weekly
GC9F1,daily
TUE1V,monthly
BBT3H,yearly
UEWB2,weekly
DY2YC,once
GIDAQ,quarterly
7P27B,daily
LV2FX,daily
PAXIB,monthly
OAOYI,monthly
4IBZ1,weekly
KDGIQ,daily
Q8WJC,once
XVQ6O,once
NZW1Q,yearly
NZOSU,weekly
VB9YG,quarterly
QM9C9,yearly
N9ZUR,quarterly
LC7LK,weekly
AE1M5,weekly
5E4S3,quarterly
EBQJ2,monthly
LD09B,monthly
FSQ3D,weekly
B1GUY,yearly
YNLMD,daily
NHSXD,weekly
MWXAT,daily
4TYA8,monthly
5YR3V,quarterly
UY5PB,once
XNFUA,daily
TFNKP,weekly
T2RM6,quarterly
2EF8S,weekly
H9DQU,once
OSKPM,yearly
MNNYK,once
5YRO9,monthly
Y9WG6,quarterly
V08TN,once
3J8RD,weekly
3TBV8,once
V4OYV,yearly
H0V6O,daily
7JTSO,weekly
14NRE,quarterly
IIYX7,monthly
C8UMU,yearly
4HN2S,daily
QTEEF,daily
AZQPB,daily
64ORQ,yearly
E0MLN,monthly
DT894,monthly
TCM7S,quarterly
8LXVO,daily
VNPK2,once
IPKWV,weekly
D3L74,monthly
ZE5UW,weekly
1YSU4,once
UVS1V,yearly
JOO06,weekly
OKA2Q,quarterly
CTNHQ,monthly
G0ZMH,quarterly
V1GC5,daily
X731M,daily
SK98Z,once
J0ZOG,weekly
HIZRF,quarterly
GSYZV,daily
AX2ST,once
TFHGE,monthly
NZ49B,weekly
4BPBH,yearly
SRGUH,daily
OULCD,yearly
P69K3,yearly
ELKUK,quarterly
O3FA4,monthly
WENO4,daily
6DZN1,once
RTZXP,weekly
JBCZI,monthly
DU4D5,once
ENZUR,monthly
DCZWA,weekly
QWGYR,quarterly
WGXV7,yearly
858FQ,daily
OQDAW,quarterly
LMM8X,once
66K5E,daily
CW941,once
HWFRW,daily
4FUOQ,once
K3GWO,yearly
Q4C84,once
7HNYT,daily
RWUY0,daily
4PHIJ,daily
YSPI9,monthly
FA2SR,once
0UGGP,yearly
94A37,monthly
A84SY,weekly
SIBPI,monthly
GOE8P,once
QO90N,weekly
E5R8N,once
AXHYW,quarterly
MTR3Q,daily
EMTTB,daily
C7BL9,quarterly
P4GU8,daily
RML9Q,monthly
Q1220,quarterly
MOX4X,quarterly
ZMDY7,weekly
KY6SR,yearly
WFA4B,monthly
UKAT1,daily
QNYMF,once
YCIGI,quarterly
U9HPM,yearly
PYGY9,daily
ILWIQ,once
AJQOT,weekly
CRABF,yearly
FPS6O,once
RAJQE,daily
0BI2Z,once
OILYK,daily
UA1N5,monthly
O6DXZ,yearly
UFJO6,yearly
EHME0,quarterly
ASSPL,weekly
5N1UB,monthly
RBZSX,once
PMG2K,quarterly
FUBCU,weekly
RM9A7,once
ZK93L,quarterly
MXHUI,yearly
L5WIC,monthly
4SJQM,weekly
YMYGL,yearly
EAOS9,monthly
OHYJM,daily
OLZ4H,weekly
ZAP4N,yearly
H89DV,monthly
EG4WN,quarterly
ERTIA,quarterly
6FJY0,yearly
I7SX0,quarterly
PIHPZ,monthly
QMWUS,quarterly
QC9G0,once
FI4JE,monthly
ME6NS,once
N9LIS,quarterly
913R9,monthly
XZZMJ,monthly
DX4SO,quarterly
S994H,quarterly
6WVRX,weekly
6FME6,daily
JAIJL,quarterly
7LU7S,quarterly
EEB2W,daily
MM3PJ,monthly
T3WJL,yearly
IHVX1,daily
WBROM,once
8515L,quarterly
D7O6L,monthly
XJ0TX,monthly
3BLQ4,monthly
V7KJA,yearly
ENQNI,yearly
ZA7ZF,weekly
1DV6D,monthly
9YGH1,once
G31UN,quarterly
BTHO1,yearly
L5WSL,quarterly
ZI0E7,monthly
GXCUZ,once
U0JUO,monthly
651I2,yearly
71TIS,yearly
XC7KO,quarterly
HAPZ0,daily
L14C3,monthly
JD0UD,monthly
G68X6,once
WW0H1,once
VD22L,monthly
V0GBB,monthly
0C6NK,daily
97MPY,quarterly
YN00B,monthly
7LR41,daily
54DC1,yearly
2JBJM,once
1WF7C,weekly
HAEFF,monthly
VMGO3,monthly
LT1QA,once
9BLHN,monthly
517TB,once
98XXX,weekly
RBZH7,yearly
GVKJ5,monthly
G0T0N,yearly
JSDNR,once
RGKTA,weekly
HVYMM,weekly
SC1QX,quarterly
9AZ2O,monthly
8IC7Y,quarterly
RIWN8,yearly
449GT,weekly
S2UB0,yearly
50L99,yearly
EWAI2,yearly
A0VN9,yearly
PKPEE,yearly
6NUTC,yearly
PC3V0,yearly
8CA3E,weekly
8AMVX,once
X39UG,once
FLGML,once
6X0RK,once
5LZMS,daily
J6GY1,daily
S9DYD,quarterly
3FGDK,daily
9IVS9,monthly
IBMNJ,once
M60GM,yearly
1R09K,yearly
HZME1,weekly
GNBJT,once
E3WSI,monthly
VPVQT,monthly
RL4GH,weekly
P027C,daily
3L5OC,yearly
WSMPK,daily
5W2TE,yearly
SPTMC,monthly
MHD0Q,yearly
0GK95,weekly
K0FRS,yearly
FSIIK,monthly
6A9WS,daily
DV2JH,once
ND9BS,weekly
8SXW9,monthly
8RB5G,quarterly
3LU6N,yearly
CWY3U,weekly
6RFLB,quarterly
IQ1AH,daily
AKGF9,daily
VZMFL,weekly
7Q3SH,daily
P9FRM,quarterly
7SBE9,monthly
WODHB,quarterly
0B8XT,quarterly
A969W,quarterly
WI3UV,weekly
6S3Q1,weekly
5LRLM,quarterly
CHUON,weekly
JS2WX,quarterly
WFCZ6,daily
Z9RCH,monthly
QJCXB,daily
LAYKD,once
4BBCP,weekly
F190V,daily
52PKP,once
Y9O5F,once
TTXVM,weekly
X44ON,once
PTUTJ,quarterly
DBLCG,quarterly
QE3KP,weekly
XC4M7,daily
LKJAO,weekly
UWQLE,weekly
L6KPB,yearly
8E6QR,quarterly
QMOL0,weekly
6MR70,quarterly
SP4KO,monthly
FE2RM,weekly
81FOL,daily
05RLT,daily
419G0,once
KB58G,once
LRAQC,once
3LHR7,once
WEW9N,quarterly
KVOTC,once
USZ9P,daily
E5TLF,quarterly
EYRSJ,daily
4U4EE,once
Y8AMU,monthly
S92A7,daily
CBIYN,weekly
N5KKG,yearly
FH0EK,once
GW4Y4,once
YOBR6,monthly
5L1SE,monthly
2QGSV,daily
SVDU8,once
E3PVP,weekly
6BI4A,daily
UJIC0,yearly
VWT7P,once
QHXA3,weekly
V349Q,once
GUKJ5,weekly
NND7Y,quarterly
TCYWW,yearly
HFAD6,monthly
4SGJZ,yearly
Z8T4K,quarterly
VIZLC,yearly
PFWM8,yearly
0KRSQ,weekly
5PELH,daily
U2R2H,yearly
K22M7,quarterly
YPZDA,once
9T4E4,quarterly
L5KX7,quarterly
DYSX3,yearly
B53W6,weekly
V57SD,yearly
SXABC,weekly
72VJO,quarterly
F2VXY,yearly
OIZSU,monthly
IRZF9,daily
M6MAB,yearly
S7EBB,daily
UNBIO,daily
NYKMR,weekly
W5GNT,yearly
4PIWB,daily
9PDP3,once
ZAK8D,quarterly
JDX4F,monthly
0CGK1,monthly
ENKHD,monthly
ZYM3V,weekly
6AAZJ,yearly
3Y5VR,monthly
BPGGX,daily
0CCZL,daily
2JRLN,once
YLA7I,quarterly
VDNDG,daily
Q6IU9,quarterly
IDIVW,weekly
VUZTI,weekly
IQZI6,quarterly
R8XD6,daily
PNFPJ,daily
N938N,quarterly
QGDHP,weekly
VAB3D,quarterly
N1OKM,weekly
VHKRC,daily
GALK8,quarterly
QGIIL,monthly
POEEF,daily
ANM9V,yearly
32DPW,daily
R49SU,once
VMDWA,yearly
6ZOT6,quarterly
9FRB4,weekly
NSDCV,yearly
L8XDE,yearly
VF9IR,quarterly
LFO2S,monthly
V56WM,weekly
NFUD2,once
CW3VM,daily
NPEOG,monthly
RO1YJ,once
HLXUW,once
1H5EG,quarterly
6QQBT,monthly
RVMDH,weekly
BWOQ1,daily
3U3ZL,quarterly
2K1SK,daily
IROQR,yearly
3M8HA,yearly
45M4U,quarterly
2S0A5,quarterly
SAZF9,weekly
4J9W6,weekly
8T422,monthly
YG3TD,once
KWPI4,quarterly
X9N5O,daily
MKVQ4,weekly
QDIXQ,weekly
7I4M8,daily
7CBG0,once
PUQHH,yearly
Q66XM,monthly
I46YC,quarterly
UKKEE,quarterly
673PZ,once
C4G5P,monthly
MZW4R,weekly
17T1F,monthly
TDFWK,once
O5RYB,quarterly
ZOXSK,quarterly
3W3BE,once
1OKUB,once
SPDE8,daily
N1VZM,monthly
QQJAK,weekly
5512V,monthly
MGWI1,quarterly
77X9V,weekly
YU5MK,once
GVJ87,weekly
SRGUV,quarterly
PYTP4,daily
COP9U,monthly
9K9K6,monthly
7FD3N,daily
CGBJ6,daily
W3OOH,yearly
YQACM,yearly
KX5RX,weekly
ZLWIW,weekly
MYJ07,weekly
K7BSE,monthly
E8CNU,daily
3QBH9,monthly
VHK4S,quarterly
9G4LA,monthly
WIXMY,weekly
1YWN5,monthly
J77EO,yearly
0EHKS,monthly
5DZ0I,weekly
TG498,monthly
PHGIR,yearly
SW7JG,weekly
WBZ9K,once
1H6N2,yearly
G69ZD,weekly
PDRNO,daily
KSV66,monthly
VGVF8,quarterly
ASSXS,weekly
BQFKL,quarterly
0S665,monthly
4OCSD,monthly
1MZFK,yearly
THRRU,yearly
1GY9W,yearly
B3FIK,monthly
01JMW,weekly
LIA71,weekly
A707Z,daily
THJKW,yearly
JCA6V,weekly
DA9UD,quarterly
8ESYB,daily
8Z93A,quarterly
0D73Z,quarterly
VY7T6,quarterly
9EU4G,quarterly
AAAVU,quarterly
Q7LRF,quarterly
Q8IWV,quarterly
I080C,weekly
0ULED,yearly
SHQJN,weekly
8XY4Z,quarterly
5OPDW,yearly
GD9MO,once
AH464,yearly
X6WBZ,yearly
1V596,weekly
FK5IY,once
UDN3P,once
HHUXD,daily
8NQFX,daily
ZZYOG,daily
UG3TH,yearly
JIZKG,quarterly
HPHXL,monthly
JQIZU,weekly
CH4W9,monthly
B1WSU,daily
DSW5S,quarterly
I0DM8,quarterly
L6X5M,once
K85RF,quarterly
AB8I5,once
0TMEN,weekly
07V5T,monthly
ILIDG,weekly
VOQO8,monthly
N2ELO,monthly
JH956,monthly
4LOD5,quarterly
MQQVX,once
LPQEA,once
Z2G06,weekly
3RMG0,weekly
JLIAG,once
5RDZM,once
6LLPT,weekly
16XZX,yearly
IHAQH,quarterly
FDLI1,once
SWL1T,weekly
HXFPX,quarterly
70RGW,once
WLVJ0,quarterly
UGNRH,daily
J1WMW,yearly
MVOQO,quarterly
DWSF6,weekly
VIIEZ,yearly
72JMT,daily
Y0NMK,quarterly
EK6P3,monthly
C45KV,daily
2LFIQ,daily
AZOF3,once
F0NTT,monthly
K3DWY,quarterly
MDIRU,once
W8DQK,once
PPQ4E,monthly
703KP,quarterly
04TCB,monthly
PZJIJ,weekly
C7Q25,monthly
K1EJZ,once
STRHR,daily
N8AP2,daily
F5DE2,daily
QZGDR,quarterly
LMH5B,quarterly
PPU76,quarterly
ITF1Z,quarterly
EDDNH,quarterly
MSWP6,daily
VLQHE,monthly
Q92TT,yearly
6ESUH,quarterly
E9L01,weekly
SYM8M,weekly
BPVJG,daily
DWP80,once
TL3HF,once
TYM3H,quarterly
R636K,weekly
NTYCV,once
1YVJJ,quarterly
ARECL,quarterly
HJ9SU,quarterly
1UJ0K,quarterly
BFBF9,monthly
IUVHV,weekly
3EPH7,yearly
JCEVH,once
YCMC6,quarterly
46NUM,once
H4P9D,monthly
MUXL6,monthly
BD0BO,daily
E7MQ8,yearly
A4HOL,daily
YZW95,yearly
8U33P,monthly
HKFYO,quarterly
V2IK3,yearly
ZZ626,monthly
9O4G4,weekly
4CXFK,daily
IXPUB,quarterly
MUK28,once
US4SQ,once
60IJG,weekly
NV7EC,once
82SCW,quarterly
241LT,once
K8J6O,monthly
HRLIG,weekly
6IHX7,daily
1DFNM,daily
1XV0P,weekly
DEAQN,yearly
N0VQZ,yearly
QZ6SL,monthly
YG2RK,once
0QXLG,monthly
7GWUV,monthly
19I2N,yearly
ESXRJ,quarterly
6GVOA,yearly
NBAWW,once
D1RXA,daily
BLYA4,monthly
48EA3,quarterly
ZOF3P,monthly
AYLHV,quarterly
8VV8A,once
Z9TT1,weekly
UFANH,monthly
FELTH,yearly
XPPW4,once
FQW7M,quarterly
S3HEZ,weekly
ZLNGZ,yearly
A2MPG,monthly
9XRRW,yearly
NW8ZP,quarterly
XUSHG,quarterly
LYYOG,once
IKYE9,once
ZXQC1,yearly
NXV03,weekly
ZRMW4,once
NC8OD,daily
C18NM,weekly
QHVVP,once
MFVQT,quarterly
JJPIH,quarterly
XDEYL,daily
UUU80,quarterly
77EMZ,once
I0BII,yearly
9GVYW,monthly
PD6K8,weekly
F57GW,quarterly
BG2CK,quarterly
MFESE,quarterly
DSFUG,quarterly
I3HI7,monthly
EJJE5,weekly
O54F3,monthly
PMWW2,weekly
U93IP,once
LIYIR,once
QSW40,daily
E9AX4,quarterly
PIVZF,once
S1TQ8,daily
BTF7G,daily
8ELTN,monthly
NV6JD,monthly
25IZ5,monthly
SEC6B,weekly
MI8B9,yearly
HSIYF,yearly
LO00W,monthly
BME8V,yearly
8T4O7,monthly
MAWN2,weekly
QJJIJ,weekly
CNQSA,weekly
M8088,yearly
QSS67,monthly
IDJ1F,daily
I7DTD,monthly
ODLOD,daily
C6AJ6,weekly
HULU2,daily
3Z88Z,daily
XAKPF,weekly
S8GFY,daily
NNO30,yearly
V8F7D,weekly
GO4NJ,monthly
IB48X,monthly
LVI0R,yearly
7CJBH,monthly
86KTH,monthly
X21UG,monthly
ZHIQQ,yearly
7C3HH,monthly
59PJO,yearly
DDXDK,monthly
8LH4F,weekly
FS1M8,weekly
MWQUW,once
5RUGH,once
ZUE2K,once
RMHRR,monthly
1AHHT,daily
B31TT,weekly
PXDZB,quarterly
RTM7H,monthly
Z54WW,monthly
9W9VI,yearly
JN7RJ,yearly
FHAW9,yearly
KO4QN,daily
T7ZIJ,weekly
1V84A,monthly
BBBY0,quarterly
6J9A9,daily
VYTIL,monthly
WJ6W6,daily
KGRKR,yearly
26XYM,once
NBBT0,daily
ZDJ5J,weekly
8KZOP,weekly
FU8C8,daily
KR12D,daily
H1U55,once
PWB53,quarterly
MGYBC,yearly
ZQSTY,daily
69QCB,monthly
L6KU7,once
OD5ZM,weekly
EL6TJ,daily
XWGLM,quarterly
DH3NX,once
MV8JJ,weekly
KQETE,monthly
FTUGA,monthly
XAOZP,quarterly
87VYE,monthly
1WQXN,yearly
4WFUL,quarterly
9LZIA,quarterly
N2LC5,monthly
49N6T,quarterly
PYIDM,daily
91ZAU,weekly
C9HF3,once
D3VZH,monthly
S9DRY,daily
PBXNQ,quarterly
SJHD5,weekly
SRBH7,once
W5L17,daily
7ND8K,yearly
VNMKL,quarterly
QA9T9,daily
73YVR,quarterly
M2BOM,quarterly
UUWR3,yearly
DSDYN,weekly
NO7E9,once
KI84G,daily
NRI8K,monthly
KKM8N,daily
K8LLJ,weekly
GX6H9,daily
GX3I6,once
GPVL7,weekly
65J4R,yearly
GTP26,weekly
S6XAI,quarterly
08CXH,daily
EFP07,weekly
Q9PZU,weekly
QF306,weekly
QKZRJ,monthly
LN2IP,quarterly
HKGD4,once
YC1AW,yearly
JS28E,quarterly
EKLGL,quarterly
H3EVZ,quarterly
BVRVO,quarterly
5K8GZ,quarterly
N6NZ5,daily
XE2V4,weekly
M1CZ6,yearly
ZT3S8,weekly
D629K,weekly
VV7PT,quarterly
E62DS,once
73V9Q,once
J4IVC,monthly
M30ZX,yearly
1Q1S6,yearly
869EG,weekly
N9LJW,once
H94MO,quarterly
WD939,quarterly
HK81M,yearly
GSRE0,quarterly
CHFWY,daily
A8BNR,once
RPJTC,daily
Q5PMM,yearly
I4C95,yearly
QYR18,quarterly
IEFST,weekly
T0ZS6,once
U2RL8,monthly
0PCLY,daily
9X87Y,weekly
84RGS,quarterly
QHAYZ,daily
KBL3I,quarterly
IIIJW,daily
HVQNB,yearly
CJEWG,once
K70IV,daily
KLB1H,quarterly
L7TGG,yearly
605TK,weekly
ZVPSL,once
2TMX9,quarterly
NVKZB,quarterly
82NM5,daily
Y3YAD,once
P8WUU,yearly
N4K4F,daily
ABCGC,weekly
DAO0F,monthly
T1N4Z,monthly
VBEFT,once
K66A1,monthly
RKTNQ,yearly
7CPZP,monthly
03LBD,weekly
6LQWN,yearly
WK5B4,once
DQRFA,weekly
G934X,monthly
CXUCE,quarterly
QQ7V2,weekly
HGBY7,weekly
4AZCY,quarterly
7B8CN,monthly
PGXPX,weekly
ILZPZ,monthly
H5JR8,daily
GT4Z5,yearly
6C767,once
HPONZ,weekly
BD483,quarterly
P766C,yearly
AL5QS,once
VT5V7,once
TJGTT,daily
MPALC,quarterly
3V1FD,yearly
SMWY3,once
5KTHF,daily
T89BT,once
WJVRC,yearly
06TT6,once
V92GO,daily
KY86H,monthly
9YYUD,once
KXAEK,once
GGVA0,daily
4TEZZ,quarterly
19IGV,yearly
74DEB,daily
N1ZYN,once
2MVW8,daily
XP27B,quarterly
GCCVW,monthly
ED6CD,once
YL4J5,daily
J1LPC,daily
U21HI,daily
VRECO,yearly
7HMIA,quarterly
3NCX0,daily
JB2MI,daily
XF6LQ,monthly
KM54N,once
4IHZH,monthly
A7OI5,daily
382XM,weekly
86QBU,monthly
B0DVT,quarterly
WAKVV,daily
RXHU7,daily
RLZ58,once
2XIBM,quarterly
YT2V9,weekly
BXHXQ,yearly
C0XJ1,weekly
Q3423,quarterly
X6UD1,daily
BGDVU,monthly
2M3IA,yearly
LHQ0Z,weekly
0QSI0,quarterly
BK30J,yearly
OQAVY,weekly
XDC9P,daily
YF6JA,once
5D5BP,daily
THU86,yearly
64DAB,once
NERRR,yearly
MJDP9,weekly
IMB5P,quarterly
D7SC6,yearly
VFE10,quarterly
XXSXX,yearly
V7WX2,yearly
GDT8G,quarterly
ZI4TG,weekly
60S96,yearly
3CBUE,weekly
JO3QD,quarterly
U6A3K,monthly
7HA9H,quarterly
BOJEE,yearly
AOJDH,quarterly
OLNPQ,daily
XMT80,quarterly
QANFW,daily
SHUH0,monthly
EMK94,monthly
3GGQF,quarterly
7ZGCQ,monthly
O6N2S,monthly
00T3H,quarterly
E2KKR,monthly
FUIPK,monthly
VK0WY,once
O0B83,weekly
2VIMG,once
G0MGV,yearly
PD8NX,daily
ZKAVF,yearly
TK5LF,yearly
4GP4B,daily
J26P1,yearly
T53L6,monthly
0M1IY,daily
PSJ46,quarterly
2KXP4,monthly
U4WP5,monthly
UWCRS,monthly
3MN61,daily
UN2TJ,monthly
AM2V1,once
EKP5V,weekly
NJLJ8,weekly
LNW2F,quarterly
WEF0G,quarterly
LY430,quarterly
C657C,once
Y5CVD,daily
A84FX,quarterly
5AAEL,quarterly
PWNU7,weekly
Q36IC,monthly
U36A1,once
8C3EM,quarterly
2HI3Q,once
J12H6,quarterly
HXX19,quarterly
8V7FB,once
XDGAI,yearly
8LC3U,monthly
3WSNL,daily
UYZ5O,yearly
L1K5I,quarterly
BBFL8,yearly
C27C6,monthly
ZZOCN,weekly
DB1AN,monthly
DST27,weekly
PSCEN,daily
W8LQQ,once
ACSR4,monthly
AT86G,quarterly
COD2Y,monthly
EEOKB,yearly
4ZNXK,daily
WFH69,weekly
UN3YA,monthly
Y46O9,quarterly
NL683,once
0KXEW,once
P3RB8,yearly
KTJZ4,monthly
RCCFZ,weekly
PLLIM,yearly
IUSJ8,quarterly
P4FIZ,once
DYM05,weekly
BJ84D,weekly
2MZ6U,yearly
480VS,daily
C9OUY,yearly
A7LMD,weekly
N4Z05,monthly
HAL08,daily
LGHXA,daily
UA4A9,daily
UPM1E,weekly
UGQFT,monthly
30CC2,once
H0LBB,weekly
YINGE,quarterly
PXS15,weekly
MQKGD,weekly
TKDRJ,yearly
BBT39,monthly
7CK2Z,once
1KUI3,quarterly
OEIEW,daily
Q0QAL,quarterly
W651R,weekly
1WUF6,once
V5Q8G,once
PGCR8,weekly
048AF,once
UY4JZ,once
UEIZ2,quarterly
Y69NJ,daily
J8OPP,monthly
YL8IR,daily
6QXTK,monthly
BP31P,weekly
195VE,yearly
06O7X,yearly
0WM75,quarterly
IP4GF,monthly
KDPVE,once
MXE8U,monthly
2M1ZR,daily
7LZX0,weekly
ATJC9,yearly
U8YAD,monthly
CF7VH,monthly
1BZKW,weekly
QDFX4,yearly
4SGT8,monthly
TA0P2,quarterly
196SK,monthly
AVOW8,quarterly
GDY49,yearly
C95M1,yearly
5DN5Q,weekly
QUOOL,quarterly
J6M8Y,once
O3HOJ,monthly
CLAVN,weekly
9BC05,weekly
HSI4N,daily
99EN4,monthly
C96GY,weekly
60NKZ,daily
N8P04,once
OWKS2,monthly
CL0BZ,quarterly
KKNAM,quarterly
VFKLZ,daily
F2SIW,monthly
U7T5U,yearly
Y3T54,daily
FYKAL,yearly
IULJR,weekly
ENDDF,monthly
5980E,quarterly
29ZGA,monthly
J1AA8,yearly
MQ2GA,monthly
NPBBS,monthly
VR69X,daily
9WYAI,weekly
MV8RY,weekly
UGF82,once
Q9VTV,quarterly
AOREC,monthly
V0Q2B,daily
6848U,once
843F4,once
SXA4X,quarterly
WSCTI,weekly
BQCPS,once
AP0H1,weekly
HSHGF,yearly
W70Q2,yearly
2UD2Z,daily
BOZVO,yearly
7Z4PJ,monthly
TLEDO,quarterly
S0HCH,monthly
GSEYN,monthly
M5LT8,yearly
WVHHB,once
BBFPG,weekly
U1Y8F,daily
I5U9C,daily
KO3BG,once
47KBB,quarterly
VW4YY,weekly
8HGRX,once
PGT57,monthly
AQTMI,once
YRX7J,weekly
LRQ1O,daily
4M3R4,quarterly
X2NY2,weekly
XEDFV,yearly
935R6,weekly
7QRDA,yearly
ELZBH,once
I4PMP,monthly
D7RTY,daily
WZS7Q,daily
C4P4B,weekly
CT20Q,daily
Y243I,yearly
JO0TU,daily
N4SUN,once
KSUFI,once
3CRG2,weekly
M5CMB,weekly
T2NV6,once
EC6R4,once
F5V7W,weekly
ABYZN,monthly
04W8S,quarterly
099DU,once
A3F1N,daily
B907L,monthly
3KMID,daily
TMQ3L,yearly
LQQIW,monthly
7N8JR,quarterly
E76YX,weekly
S7MF0,daily
UU8NP,once
3YVXH,daily
L6KJR,yearly
NOTFS,daily
0GC5U,once
K7EWL,monthly
YU4LT,weekly
OU97G,quarterly
NMUVM,quarterly
U0UW2,daily
JYHSY,once
C1VLT,weekly
8384T,yearly
76KQY,once
YV2JU,yearly
TA98F,monthly
09EOC,once
H9THU,weekly
AN7RV,once
9BNZR,yearly
7ATM4,yearly
T352D,yearly
7B7IV,weekly
26WTI,monthly
1PDRL,monthly
CMH3T,monthly
34AEV,quarterly
U5N1F,monthly
2IKP9,quarterly
04AG5,monthly
JX2AB,daily
PMMZV,daily
YHO6P,monthly
O0JH0,once
EFB6O,yearly
8JQOY,once
CW6ZS,daily
AFO3Y,once
C14YZ,weekly
RSR1F,monthly
SHNIG,monthly
34DJN,monthly
ECDFV,daily
5PFNQ,daily
1L75M,yearly
OV9IM,yearly
BMJFS,once
2LVZE,once
RU3MI,yearly
DW7QG,daily
ITXGX,monthly
ZB7Y4,daily
2C2U8,once
K27EV,yearly
WR44Y,weekly
IJF4T,quarterly
OYO9S,yearly
EJN0A,yearly
3KMKD,daily
XRO3I,quarterly
G6LJB,once
BSHSK,weekly
TBQ08,monthly
WC07K,daily
FW636,monthly
C4Q3F,weekly
3QOGA,once
JLC94,weekly
HZHVP,yearly
WG5RB,daily
62CU3,weekly
1VMMR,weekly
UE03R,quarterly
GCVOR,once
KXLWS,quarterly
2OVDK,quarterly
ONSMD,monthly
JQQZR,yearly
FX1CL,yearly
TAUPT,yearly
PSECM,weekly
EEA4L,yearly
DK0S2,daily
TEFZG,yearly
M7R3X,monthly
HJIFX,once
4TPSE,daily
F6H5A,quarterly
PQB34,once
650HP,weekly
M7W3L,once
TRTB1,yearly
B37SY,weekly
7R3FN,yearly
GIFQT,daily
WP9QF,once
BCL09,daily
RUN1R,quarterly
PT21L,yearly
H6RIS,once
0PAO8,monthly
12L1Q,yearly
CFU2F,once
VTVGH,monthly
CU4WC,daily
QZU3V,yearly
L0MPT,yearly
E0FR3,daily
USVSD,monthly
0IX6G,quarterly
HH6BI,yearly
JP289,quarterly
WN8CN,monthly
6CD5D,once
TX0MX,yearly
T2KOI,once
XWF8Q,quarterly
VWAPL,monthly
AG3RM,quarterly
5V4K8,weekly
0RUPI,monthly
6D2JW,yearly
1QOCI,quarterly
D2PGE,quarterly
C0ZZE,once
1BO43,monthly
7BMI0,monthly
0UTWK,daily
KQ2WO,yearly
A6C7C,quarterly
D8X8A,yearly
RVDG3,weekly
9ZHU3,daily
99Z5K,quarterly
97FVH,quarterly
57F8O,yearly
1CG3J,weekly
7SA4H,quarterly
0RO4P,yearly
8AW5Z,daily
N1POE,quarterly
KY3KK,daily
II66G,daily
UJPPS,quarterly
HYLNP,once
IDQTA,quarterly
IVOJV,once
W7R02,weekly
U844E,once
A96JU,quarterly
9FI0H,quarterly
EYQET,quarterly
AJPY2,once
FPABM,weekly
RJN1V,daily
PG8BV,daily
YQZJ5,quarterly
D1QIO,daily
KS5LP,daily
ZCMLQ,quarterly
VE2CV,monthly
5194S,once
DH7PU,yearly
SR3P5,daily
4IOM2,monthly
2HRYS,once
TLFZ2,daily
CUHMW,weekly
H3EBW,yearly
2CTTN,weekly
37ZPB,weekly
EOJ9R,quarterly
J2A6K,daily
GEC5H,monthly
D5UZ4,monthly
YJU4A,once
RUZMY,weekly
CWVT6,monthly
Z6JS2,monthly
IPXUZ,quarterly
COOZX,monthly
7WG8I,yearly
TKOY4,weekly
0DVVQ,daily
1MDK8,quarterly
ZJJC7,quarterly
NPK51,yearly
HOJYQ,monthly
HHK85,quarterly
3BLET,once
WVQAG,once
XQDJ3,daily
R0WUW,monthly
8FARI,daily
TNJK0,daily
L7F0M,monthly
ZT061,daily
2KUIE,monthly
C8CXO,weekly
QEBR8,daily
D6C70,weekly
W33VC,once
CDUI4,yearly
OOD7L,daily
F0FBP,yearly
HB7MT,daily
HIIH4,weekly
OBNUC,monthly
ANLMS,daily
0K401,once
IUE4A,weekly
VXZMM,quarterly
QJ1MU,yearly
L8LIF,once
PWKHN,quarterly
GVMBI,monthly
J0YAE,weekly
RGAAB,weekly
J2TBE,daily
5VDOW,once
1LM97,yearly
OWPIY,quarterly
S92GG,yearly
T6J97,yearly
HEV25,once
NNYKY,daily
1YH2K,quarterly
7HMLA,once
YP5J9,quarterly
K11PO,yearly
4BOKQ,quarterly
J30IQ,quarterly
KYSGP,quarterly
8TDS1,monthly
AARTO,weekly
7AS36,daily
NKKK5,once
YSBR7,yearly
W6KJN,daily
6JY9M,yearly
U0CDO,quarterly
GJN3W,daily
66JDE,monthly
NNBNV,yearly
V2A0H,weekly
I4AI8,monthly
DDW1Z,monthly
69JA8,weekly
VCRVZ,quarterly
S2HNZ,once
0CSWD,once
YLLP9,once
8G9DC,quarterly
T9YPP,once
BWEEZ,yearly
GZ08B,quarterly
DSQOM,daily
4REE1,quarterly
0UQ1W,weekly
D6HD3,daily
FRUNR,yearly
OVGF2,daily
U1WYL,daily
CB4CM,daily
7P0GU,yearly
11WU4,daily
QMTJ8,weekly
5D6M6,yearly
EWGNX,quarterly
1X7XJ,monthly
MR5BC,quarterly
P92DM,once
QI3NJ,yearly
OC8QZ,quarterly
45WZ4,yearly
KQL59,quarterly
PD85I,once
NI5JD,once
S16IZ,yearly
8BQ40,once
OG6GD,monthly
6PBFL,weekly
SQJ5E,weekly
FF3SD,monthly
ENNHL,yearly
TP7CE,yearly
X45DU,daily
XEGKF,monthly
L1AEM,yearly
1LVVP,weekly
B8MVR,monthly
CUUSK,once
7W4UD,once
7BPZG,daily
6QST3,yearly
LIZRS,quarterly
0G2K3,weekly
AUINM,yearly
ZMYA7,quarterly
UJVUU,weekly
TUA2R,daily
OHP70,quarterly
HQMVD,once
6WXZD,weekly
1YF11,weekly
5Y7CT,daily
R66RN,weekly
5KRPW,monthly
5YC7S,daily
51FKT,weekly
S1O0J,monthly
7AGKZ,once
DV0WR,daily
RTOHI,weekly
VR5P7,once
SK50N,weekly
5MD2U,yearly
Z6CMH,once
EERSR,daily
3XDUX,daily
C53DX,once
R2G5A,monthly
VMPW6,once
AZ5H0,quarterly
U4ZNK,daily
YFP4S,monthly
LTYJ8,quarterly
MP2S5,weekly
0PA2J,monthly
55GVK,once
QPTSS,once
F4G60,once
IP22K,daily
9WL5O,monthly
6CXIS,quarterly
TUUJ5,once
UM9XB,quarterly
0DRAB,daily
OIKKN,yearly
C7VNM,weekly
JNUEW,daily
ER3S5,yearly
I6CPJ,monthly
3OH0T,quarterly
VTLKP,quarterly
VPCCQ,yearly
JUXCB,monthly
UDHBP,monthly
DRJWC,weekly
8SLDK,yearly
HDG1P,once
Y2CCN,yearly
TORP8,yearly
3NVQH,yearly
WIUJ4,quarterly
8VZCY,monthly
52RBK,monthly
E4N93,once
BG6J1,quarterly
AVY0Y,monthly
81WFO,monthly
LVGAV,yearly
979FE,once
IRAFD,yearly
6676O,daily
A7E09,quarterly
LBXAQ,quarterly
SXTWL,weekly
FLVLU,monthly
J6IBQ,monthly
0CBS0,once
A7JPZ,quarterly
MCX38,once
EV0SQ,quarterly
R6FOJ,quarterly
IY7JQ,weekly
CHZUB,yearly
E0SO8,daily
I3UUY,weekly
C3F9W,once
YHYLB,weekly
G7GWU,quarterly
MXDR0,monthly
CGXGY,once
M7QLH,yearly
QCO3B,once
TWQLG,daily
91H0I,once
KTHM1,yearly
SVMX2,monthly
XZIUF,once
628RH,once
0OI41,yearly
2QXWG,monthly
XDZSB,once
1M8JK,daily
DTYAM,monthly
XDNR0,monthly
JL8XG,yearly
XYJGV,once
5ETSX,weekly
YJC1G,daily
JIVVC,once
18RIQ,once
QB2K8,yearly
EDOMX,monthly
PCCDE,daily
8H1CJ,monthly
1WI8O,daily
6GQ39,weekly
9U29K,daily
R5IHO,quarterly
WLGH6,monthly
6D2M8,once
M19FT,daily
26RNW,weekly
074LH,quarterly
N86JK,daily
R9HZ5,once
M2FAP,yearly
WSF9A,daily
VD8NS,weekly
R4SFF,once
E81O3,quarterly
Q1MZG,quarterly
G7F9N,daily
W5RTV,once
13FMT,monthly
4LHO1,once
0LK75,quarterly
NF66H,once
TATTA,weekly
4STWV,daily
SAGSK,daily
Z2XOJ,weekly
1YXFT,daily
I9FXB,quarterly
1ND6I,monthly
KD1GS,once
K82YZ,yearly
BDZE5,quarterly
L6OFL,monthly
D2NAX,weekly
V5ZAJ,weekly
GI1FG,daily
GV5IY,quarterly
39ATP,monthly
1ICFS,once
DCMAL,quarterly
O0M6V,quarterly
KZMYM,once
DOJN1,yearly
86YME,daily
AJUT4,monthly
IQQSN,yearly
WQC5L,monthly
80C93,daily
85THM,daily
FPWLB,weekly
7538U,weekly
VQWPI,weekly
DWJ7E,daily
YQD0N,weekly
FY4TR,yearly
CXLH3,quarterly
A1TYY,monthly
X724U,quarterly
GRRFR,weekly
R27AN,quarterly
WQJJF,daily
PKL13,once
41LJI,once
68Q33,quarterly
N53AK,quarterly
8EOOO,quarterly
ICH0K,daily
VPBJE,yearly
FQPDC,daily
GMPPF,yearly
N5IUD,weekly
CBIU8,weekly
9FED9,quarterly
USU2M,monthly
M5Y2L,yearly
KHJO8,daily
FXXSQ,yearly
U4QIW,monthly
RN06J,weekly
SQYZL,monthly
28LUI,yearly
P1S5D,once
2FO4K,once
7KA6O,yearly
B5AGB,once
R099G,weekly
TYBYS,once
P3U67,monthly
RGKPY,daily
4RNF6,monthly
7OODQ,once
OWS7F,weekly
QIFJB,daily
W8549,yearly
KEC4M,once
T9XEF,weekly
739DE,daily
D5B32,quarterly
R2PDS,weekly
3UJUI,daily
M4XRC,weekly
01VBF,once
B6ECQ,quarterly
75F48,weekly
O2G6U,yearly
UH1IX,once
9GPOW,daily
UQQIO,daily
4WF7K,daily
O4KWO,monthly
I8XC4,once
HCJ1E,weekly
46ZRU,once
9QZCQ,monthly
4AVCC,weekly
U1XXA,monthly
N108C,once
M99NP,daily
9VAYC,quarterly
2TYUZ,daily
TGE7G,yearly
F0SSV,weekly
LIN2X,once
FWARA,weekly
D8Y7I,daily
UOW05,yearly
WRMSF,once
7XYZA,weekly
56MRZ,daily
RNQN4,monthly
4RGPP,once
MEDLR,daily
AT7UO,weekly
0TSBW,yearly
1WGLG,once
66SNT,monthly
UNU18,weekly
K2D3B,yearly
ZT4V0,weekly
6IFF5,weekly
GIFO0,once
UGIZI,quarterly
FBL70,yearly
8NOZE,monthly
H9394,quarterly
147HH,monthly
PQMIE,monthly
G7W7R,weekly
BNSYL,once
HCI0V,once
J5Z79,once
NXH2S,quarterly
N5JD2,monthly
GEOP8,weekly
OW0EP,once
K0HC1,yearly
1M8IN,monthly
4ESM3,yearly
O9RS8,once
X3UAF,monthly
HN88Y,daily
7UC6L,monthly
A4EIN,quarterly
UWRHD,weekly
E6QYU,yearly
JBNVT,daily
KM7TZ,daily
U50XY,weekly
50FCE,weekly
P724W,yearly
COYUL,once
7P865,daily
G56D1,weekly
EKSVB,once
7O1BW,monthly
98S1B,yearly
EC82Z,monthly
MAO7O,quarterly
S2PW1,once
6WWSZ,weekly
2XHJP,once
QAD5U,once
FL3Y1,monthly
8G80R,yearly
T318X,monthly
N7BFS,quarterly
9ODS8,quarterly
3I8IE,daily
ZM77X,quarterly
ZBM45,daily
0A8ES,monthly
FPMGH,once
COQ4C,yearly
61WZY,yearly
PGRUU,quarterly
KZVFG,weekly
12J7N,once
KYVL4,weekly
36ZXS,quarterly
WVX20,weekly
NZQJ8,monthly
9K5N6,daily
CL4NX,once
GL7DP,quarterly
7TS4W,quarterly
KK7O0,monthly
3PAFP,monthly
WHQ8I,daily
MBIR1,daily
3X4LN,daily
0YP0I,yearly
YIS7U,yearly
VO3NM,once
5CHTR,yearly
6ZAVC,yearly
BZR4R,monthly
SNMT1,quarterly
BBSCY,daily
YQOHG,yearly
A2FGZ,weekly
DYE29,yearly
RBA28,once
UFHT3,daily
NV1QH,quarterly
6U72L,monthly
BIADB,weekly
I3SU1,monthly
O9NN6,yearly
W92UL,weekly
9PIKP,quarterly
AQ5XA,yearly
JLIPM,once
6UY6K,daily
19TFD,monthly
8DWD2,quarterly
E40A3,yearly
77JTI,weekly
JQGPK,quarterly
TZ39G,quarterly
G22VQ,quarterly
9V8II,weekly
GIQO6,quarterly
0L5MO,once
7FHJM,quarterly
WU6BJ,yearly
GH229,quarterly
81W2W,yearly
OIIDV,weekly
KVP18,quarterly
EZUQS,daily
RLA3E,once
KIE8I,once
8HL5H,once
7HIJP,once
1FKP1,quarterly
RGCSY,monthly
SOC52,weekly
5WMR1,once
TU5V2,daily
TASKW,once
I2PXD,once
6FJTO,daily
0GU10,daily
LFZOJ,yearly
ZQ77O,monthly
BN3UW,monthly
SHJI2,monthly
2HAT4,weekly
8RD4G,quarterly
PFFBX,monthly
Q4VDG,weekly
3FDVR,quarterly
8K2M9,weekly
VXVUM,weekly
RQKFX,weekly
4YVD6,yearly
CL5VK,weekly
XA91K,quarterly
Y415L,monthly
HFNN6,once
H6I5C,yearly
YT8VZ,weekly
CZ8BW,yearly
8R9RU,quarterly
M42HN,yearly
HO263,yearly
1MCPH,once
IHCH2,once
XYC8F,weekly
CITLD,once
5W796,yearly
CF73Z,daily
DK7LN,once
1KDKM,daily
PP5JN,monthly
UE9F7,once
MUYKW,quarterly
UH85O,yearly
6NEML,weekly
WYG6I,quarterly
4961T,yearly
VBBXR,daily
XE13R,quarterly
O38J9,once
HRNR4,yearly
C1GPR,daily
X8GN7,weekly
Z2D62,monthly
B80VF,monthly
AWE30,yearly
H8C06,weekly
XPHSN,yearly
H7ZHD,daily
YUBOV,quarterly
L7XQQ,once
R8RWN,once
WNQEV,monthly
EDZ7U,yearly
J7ANH,monthly
YBL4F,once
F851Y,quarterly
EZ7RM,daily
BWRWW,weekly
Y3N1C,daily
VZ1O5,yearly
KH7V9,weekly
HM4CO,quarterly
UO2B2,weekly
MLQS7,monthly
XVPB6,yearly
SRABY,quarterly
T20YZ,yearly
87S4N,weekly
R0ZP5,yearly
WNPM6,quarterly
FD3B0,quarterly
Q1COI,monthly
EF738,daily
GVYOF,monthly
0YG1O,daily
YE927,daily
XWB18,daily
X549M,daily
0LQ14,daily
3OPPO,yearly
LO1AK,daily
07QOR,daily
LQH77,quarterly
29MAH,yearly
KI681,monthly
7LEX2,weekly
LGZZ7,quarterly
U2AZ0,monthly
237NK,once
S4QF4,yearly
JQADS,once
GCX9Q,monthly
TJGLM,yearly
E9SPK,weekly
86HGO,daily
V87LA,quarterly
V1GVA,quarterly
E4H4Y,once
R3WQE,once
MND2N,once
EI52Y,monthly
2FDCS,daily
Q2SBB,weekly
8LC6N,once
OXAY5,once
LYJZD,weekly
610KF,quarterly
BVXSW,yearly
S2GYU,monthly
DWQ5B,once
XJHVB,weekly
SD3CG,quarterly
EHPZB,daily
4KN5E,quarterly
K8BLY,daily
WPR7E,yearly
1MWCH,once
7JB09,monthly
L92NB,once
JJYZY,monthly
3U6NX,daily
UPRM1,daily
I1PFZ,once
IA909,monthly
K85FD,daily
HUTA6,quarterly
AQQFP,monthly
ET8YE,weekly
F29A2,weekly
YG9DT,monthly
LIXFO,weekly
EHVJU,weekly
EWRGH,quarterly
NNIUF,daily
VGN1E,monthly
Q2GT2,weekly
D86Q5,yearly
AYPZC,weekly
V6VPI,monthly
6WBQ4,weekly
9E16J,daily
H6QIM,yearly
A28TD,once
JJ4Y8,daily
O1BK3,quarterly
QIH0Z,weekly
6JISQ,weekly
KFFRW,once
R2DG2,weekly
CSX6H,once
FU76E,weekly
200I1,daily
4S5G5,weekly
4B49P,monthly
4SQIZ,weekly
AZ33I,once
FNSBE,once
WD5M0,quarterly
5RGA9,daily
9SMV6,yearly
K45B6,daily
U26HZ,daily
JN009,monthly
U9W82,quarterly
NV9W6,weekly
D6LF5,once
2QEOS,monthly
WCCYD,weekly
WRLL7,once
5ST6T,quarterly
07ZA5,daily
WNJEA,monthly
5USZJ,daily
C8HBI,once
KT9SA,monthly
T3HDS,quarterly
AOOEO,once
78X0A,quarterly
BOMRW,monthly
WZRRL,weekly
ERILV,quarterly
LLF1E,once
GE3BG,quarterly
P7K1F,daily
9FRQC,once
I7MY5,yearly
HPXO7,yearly
AKVSF,weekly
9PCQT,once
MCIS5,quarterly
HSUXP,weekly
KUYN0,once
TK7VV,daily
2N7FD,weekly
2BG52,daily
5YS6V,yearly
RQQLS,once
K8MH5,daily
4VJ18,yearly
4GAH7,once
01BO0,quarterly
IF0VI,weekly
4IOE9,monthly
TDUKF,daily
SMG8W,yearly
ND4OZ,yearly
7N9CB,quarterly
MDQWD,daily
L33M5,quarterly
7XBG5,yearly
B6345,weekly
66QH8,once
WOL22,yearly
INJ0O,quarterly
NWBI7,quarterly
G0PB0,weekly
G8SYB,weekly
NURM8,once
Y4F1T,once
D9FIH,daily
G8SHL,daily
XUX1B,quarterly
WYRW6,daily
B7P8D,yearly
491OU,daily
W7RZ1,daily
QSMGA,once
XK15G,quarterly
929IG,weekly
8PPHV,yearly
PQ9L4,weekly
822RK,weekly
4N9FJ,once
1XJKL,once
I1ESF,once
99Z0Y,weekly
YYWRX,monthly
AZYYU,yearly
Y7ZUS,quarterly
IMNXM,once
81W16,monthly
L433T,yearly
PIDZF,daily
UV5H5,weekly
9HIH1,weekly
U4FL7,quarterly
UZGQE,once
7Z0U1,once
XLCIU,yearly
B0ZGN,once
ZBVGA,weekly
GO3XP,quarterly
GO6WC,yearly
CFGAT,yearly
6HSSF,weekly
230XF,daily
8JUZK,quarterly
R2451,once
IT11P,quarterly
C6XFV,daily
5N7SE,monthly
4L155,daily
SEF2H,once
AL3XS,once
MJL8T,monthly
EAIPH,quarterly
X8GOV,quarterly
I16EL,yearly
DUV05,daily
JPAQK,monthly
QFE4D,daily
1W1BV,weekly
25GU3,weekly
PQ0P5,weekly
BRC6O,daily
14Y63,monthly
K80NL,yearly
CFIIA,yearly
LZNGL,yearly
03GH9,weekly
HXO0J,yearly
RWYF7,once
VF599,daily
401A8,monthly
NCAWF,once
CYM17,quarterly
3F0CO,daily
UCP4V,yearly
UTTIV,monthly
1DKKP,quarterly
SDTH5,quarterly
5Q23B,once
YUQW2,quarterly
O7OXI,quarterly
F8X32,once
UAYNV,quarterly
KMF18,once
E30YJ,weekly
67OSN,quarterly
86XF2,monthly
B2X7E,yearly
5636T,weekly
HMVOW,weekly
L4H88,yearly
A043H,yearly
WLABD,weekly
BYVVF,weekly
CKID2,once
U4G8R,yearly
E8LHO,quarterly
MVG5O,monthly
ACFJ8,quarterly
R8WL3,daily
1L4VF,quarterly
W8CWL,daily
06DXB,yearly
PYGFN,quarterly
WKSQW,quarterly
CTNDL,once
MOSFB,weekly
R8VMO,daily
4T4ON,yearly
JGRUB,yearly
VNAXV,once
DW9X3,monthly
79JEY,monthly
URREL,monthly
CY0HK,quarterly
6R0ET,monthly
SVZNQ,yearly
6K2HM,once
CCGMS,once
7PDFD,monthly
FKNOZ,quarterly
38T6H,weekly
DZ0ZO,yearly
G19S4,yearly
K2RI2,daily
1QGU1,yearly
B2V0D,quarterly
97VNU,yearly
H6Q9V,quarterly
G6AA8,daily
WJ5PN,yearly
VJT80,yearly
MMZ4I,quarterly
ISAQS,monthly
MZ0U0,monthly
V7FEA,weekly
0EM43,quarterly
1OHTD,yearly
HFI6N,yearly
249LY,once
D8C1W,daily
EQAZQ,once
QCVL2,yearly
URVJQ,once
ZUKPT,monthly
7ASYR,yearly
FZU25,monthly
79BEM,weekly
KRXYV,quarterly
6BHPB,monthly
1NSGW,monthly
ORQLC,quarterly
XP17V,weekly
OTCB8,monthly
PK67F,yearly
OZ76M,once
IKVLO,weekly
86MIP,yearly
HE3PX,yearly
21FQM,weekly
B52NR,monthly
G0NHQ,yearly
NT1N2,quarterly
ZHUAD,weekly
R6TSM,quarterly
WQZ1C,daily
R95ZQ,once
LQNQ6,monthly
JPMCQ,once
X4QQL,yearly
OLXY2,once
WP40Q,daily
7HKY7,daily
SVVPH,weekly
H2LM0,daily
GCXDX,quarterly
WFD3U,weekly
QKJ6C,monthly
YHKP2,monthly
JGBI1,yearly
MKF6J,daily
1WT76,monthly
W03OM,quarterly
YUITH,once
E36YW,daily
VD8VV,weekly
XDYD5,quarterly
PISR4,yearly
NOYDW,monthly
KER2J,yearly
WLIDR,once
LMXC6,yearly
1GASO,quarterly
1XQUT,monthly
VULNG,yearly
JK24G,monthly
MHN7L,weekly
QYX3X,monthly
3NUCI,quarterly
EP9G5,monthly
ZMFQO,monthly
PX3X4,daily
MD2FG,quarterly
TMJMN,monthly
ZLQGX,quarterly
V5BD4,weekly
LTJXN,quarterly
2EEVY,weekly
Y1X3D,yearly
PBMEC,daily
2P0XK,daily
40CRU,yearly
32HP7,weekly
V229O,once
B8GIW,weekly
1DFWA,yearly
ASY85,daily
DFNZO,once
QBBVA,quarterly
ND6AN,quarterly
9JCB7,monthly
4ROWG,yearly
XFCDR,weekly
JABRX,yearly
CK88T,weekly
GH9JK,monthly
QOXJA,yearly
RDV1M,yearly
8HNRI,quarterly
BUQ2U,yearly
8DYBL,quarterly
M7PV5,once
2WHZ2,monthly
LB1T8,daily
Y5XD2,once
8GYGH,weekly
ALQTG,monthly
6G13P,daily
BJJUD,once
HU3OU,quarterly
K6MZV,once
YQRR6,monthly
U67P8,daily
TUVNQ,weekly
WD7WA,yearly
W053N,daily
DYARB,monthly
DKKMI,yearly
POKYF,daily
9MU6D,once
T1PRR,monthly
VH764,quarterly
5KQET,weekly
Z6IGT,weekly
OIUOU,once
VQP7X,once
YEBZV,quarterly
7FZ85,yearly
ANXU6,yearly
EBJX3,once
L0M35,quarterly
7XOHD,weekly
OY8AE,yearly
1O4BK,daily
X4HKT,monthly
Q5J1V,yearly
MX2N2,once
K4R5Z,weekly
HL0WA,daily
8GJ42,daily
CHENB,once
574GT,once
QMXU6,yearly
8TUPH,weekly
0A8FF,once
3D0Q7,quarterly
HQ5LV,daily
1QOZT,daily
D1BGH,quarterly
FDXXW,daily
HA9Y7,weekly
W54A8,yearly
RRGNI,yearly
69X82,once
9Y6TX,monthly
UZP4Z,monthly
8ZUNL,daily
5C78L,monthly
9OHXY,daily
WV9HK,weekly
OG3A9,weekly
P9UJ0,weekly
G9M7N,monthly
4XEY8,monthly
1UX03,weekly
52LU9,yearly
QGN5H,yearly
XFD5U,once
18US8,quarterly
THLNF,weekly
KP50X,daily
US926,weekly
W8GRD,daily
QXKF4,monthly
L5GIN,yearly
9GJZX,yearly
G6OXK,once
M4H1S,once
RULC6,yearly
87PK6,once
9I9Y8,quarterly
CPLX6,weekly
UVASP,daily
T8H8R,monthly
O138G,quarterly
ZQCVT,monthly
JM6W9,quarterly
0GY8Y,yearly
PWCN0,yearly
4VXEP,quarterly
KLDXU,yearly
4S21C,daily
8KBH9,yearly
P72TY,daily
UUPE6,monthly
B5VSZ,daily
CWDGP,daily
7YSML,once
GY5EN,monthly
IK4WE,daily
LW4QS,yearly
TWKUK,yearly
LHXAX,yearly
KT4D3,daily
S5R0A,weekly
K0OD4,once
8XMVH,daily
784BS,daily
N09LW,once
3F9TL,monthly
G7496,once
1XK33,once
63AUE,daily
K2P7S,daily
DARQ1,monthly
JJMRD,yearly
K2CAE,quarterly
P0CFL,yearly
050LI,monthly
3SQQT,monthly
X0M5I,monthly
PVGX4,once
NSGZR,yearly
YX8X8,monthly
SUNKO,monthly
HM4EQ,weekly
AUCRX,quarterly
SY32T,once
1QL0F,daily
HDQYO,daily
KSLDQ,once
F0Y67,quarterly
OU5M9,quarterly
MT1TQ,monthly
RY6J0,daily
NKK21,daily
RSSVW,daily
NFXQK,yearly
CWSQC,daily
M7N7R,monthly
228GD,monthly
CXUI4,yearly
C8HVS,daily
4UA1H,monthly
6Y6VS,yearly
WS7T8,quarterly
BFBU7,monthly
9ZB67,monthly
CNCRF,monthly
U23VS,daily
MFZOP,weekly
XSH6I,weekly
Z1G2E,weekly
Y3FSM,yearly
9P4G0,once
QEDIR,quarterly
SDVRH,yearly
5WOYX,once
MQ11R,weekly
6F01V,daily
7U5OD,yearly
507OD,monthly
G2VQD,once
VEI12,monthly
7M555,monthly
0PEPD,quarterly
9S2VO,quarterly
VYGZQ,monthly
F44FY,daily
YA2JL,once
KNMHS,yearly
WX1FK,once
5YQ54,daily
XVX6S,weekly
GPZPY,once
63K71,yearly
EFK7I,yearly
W9K96,monthly
LA3AJ,yearly
R2CX0,yearly
HC7CP,yearly
VI56W,once
A54F6,yearly
3ZYZ5,yearly
B8RUR,daily
H7VEG,weekly
DWLKH,monthly
7F1AM,once
KDEGL,quarterly
HMHKQ,daily
UT94P,daily
K0XRH,daily
EE0MW,monthly
17PIH,quarterly
BTI45,yearly
2OP37,once
0WS2G,yearly
V024N,yearly
LYA5C,quarterly
UWS2Y,once
GICM5,weekly
DI1HA,once
CE5P9,weekly
CYON6,weekly
3ZUI3,weekly
9P97R,monthly
OE2Q9,daily
SDE5A,quarterly
7FDOI,daily
H7MWL,weekly
LPWYE,once
LR5HD,once
OR3ZD,daily
0G2LN,weekly
CKRT9,monthly
26E9V,daily
NZJDU,quarterly
T7AS3,weekly
7ALKJ,daily
M7KH6,weekly
E5QJJ,quarterly
Q83VE,monthly
AH48F,daily
GMNF8,weekly
OJI4X,quarterly
DJR76,daily
WBWBB,daily
J6LM7,weekly
V2GWG,monthly
ZBYYU,yearly
S2CDG,weekly
9BECT,monthly
K7KTW,weekly
UNKPK,daily
A884E,yearly
2MAPB,yearly
OW0VF,weekly
RI9WE,weekly
RWEGC,weekly
27G0S,yearly
H0LQB,daily
E89NI,quarterly
E3ZAU,weekly
7WMJJ,weekly
EA6IA,quarterly
MS685,yearly
KMFU9,yearly
XS8KW,quarterly
0QHP8,daily
GR4PX,once
3WGC6,quarterly
XF3UN,once
SDRI9,monthly
0Y943,daily
M99J2,monthly
M1AN8,weekly
G7A2G,daily
76LAT,daily
CQDPQ,daily
74O3M,yearly
HX2G9,monthly
ZP1B8,yearly
T8ZBI,weekly
AYB53,quarterly
G2NEY,yearly
MJJGA,once
S098U,weekly
XV6PS,monthly
2LIGE,quarterly
OV15X,daily
F3BJG,daily
TVSML,daily
LZVVL,once
YOTF6,once
YNWBZ,monthly
APLXH,quarterly
VM62D,weekly
MB43W,weekly
CYP80,monthly
2GAUK,daily
RJS2K,quarterly
W6J8P,weekly
2GQ0Y,daily
I9MX6,yearly
NC4DY,monthly
BVSYX,once
PM7MR,daily
SLD45,once
RRRAN,monthly
0ZSTH,daily
3N2TZ,monthly
Q43PY,once
FROSL,weekly
Z2N7M,yearly
6GAQ5,quarterly
T9NS6,daily
3R1H1,quarterly
9E0GT,daily
UX3W6,yearly
438I2,yearly
AO1X6,weekly
INQ5U,daily
D8GAY,daily
M6MQD,once
1MJRQ,quarterly
R912K,weekly
9KFP9,weekly
P5KSZ,quarterly
186G4,daily
QMQLR,quarterly
7J022,monthly
ITVZH,yearly
WPS57,once
DNJUD,once
ZOGFL,monthly
YM2JY,monthly
YJQT0,yearly
KO6CM,daily
35P4U,once
WOZJ0,monthly
2YNBM,weekly
AMS8H,quarterly
N4XRP,weekly
G75D4,monthly
LIA4Z,daily
VOLWA,yearly
0TTD5,quarterly
YWRYO,monthly
AKDZJ,once
E9EGB,once
XGG4L,daily
JZ52B,yearly
4CO5C,monthly
6N0EN,yearly
0CZ4Q,daily
N3YCL,daily
UF789,weekly
0WRP0,quarterly
88OL6,monthly
AEFVJ,monthly
WC7EB,weekly
EO20S,once
WHRKN,weekly
DG8KZ,once
OK94G,daily
574PC,yearly
JGZMO,once
5BIP5,weekly
MLQYB,yearly
KFWGM,quarterly
SMCZ1,quarterly
VA0SZ,once
MUJ66,monthly
HYL7S,yearly
9MQHE,quarterly
BC2CS,yearly
KIZC1,once
C96NR,yearly
HOLTH,once
UYC3L,once
M9NSY,once
CQ8QV,yearly
KQ9T5,weekly
UPY2H,weekly
V853U,quarterly
3PSM2,weekly
8BKFG,once
D7UP3,monthly
5TQGH,quarterly
NOYYO,weekly
AQ1YA,monthly
9JEC1,quarterly
U966K,quarterly
HZMMD,daily
L30RH,quarterly
NPEC1,once
BQD98,daily
LZZU6,once
Z9IUW,quarterly
99XNC,weekly
1HY8K,quarterly
3HQRK,daily
IOSRL,once
X25VR,once
S9A5U,monthly
GSIRH,monthly
524RU,once
GSYFS,yearly
CAVRB,daily
G8JYV,once
SEGT4,once
YJL65,daily
ZULKZ,yearly
N80DG,weekly
RGP1Y,yearly
SJYER,monthly
ZSZJ0,once
KSJYC,yearly
EJCH5,weekly
CT3B5,weekly
3NRX9,daily
4YXU2,daily
PB4BQ,monthly
A7TFD,quarterly
F9NNV,quarterly
M4N4M,daily
JCS53,yearly
K0S54,weekly
P4YRD,yearly
P4G1K,yearly
KB5QD,once
EDAEF,weekly
W7QQY,once
N0IMH,once
A1H1D,quarterly
319LG,once
M3UJY,yearly
PEPLL,once
EFG3P,yearly
KCY0A,once
K3HA8,monthly
PA2W7,once
10RVC,quarterly
AA20N,quarterly
4KH1G,weekly
59VPP,yearly
VT6FM,monthly
07W0X,quarterly
WCYUW,quarterly
ETXR9,once
M4FM5,once
9XSV8,quarterly
DOY4U,yearly
ZG90B,monthly
GL90J,yearly
70ULP,once
6AY2F,weekly
PQEU9,daily
168WM,quarterly
FFDGE,yearly
72DWL,yearly
53LLM,yearly
BIUSX,weekly
DG5CO,daily
IV5AL,once
D05NK,once
SGRGE,quarterly
MPZRI,once
72B2E,daily
WPQ2D,quarterly
JLFEK,daily
7C3FT,once
0JLV1,quarterly
8X98X,quarterly
CCJ7U,daily
KOQ8Y,monthly
D9WDR,daily
MT6Z2,once
VKKP8,yearly
GHV3C,weekly
QVZQO,quarterly
LPMRZ,daily
XEJ6U,quarterly
RMQBB,weekly
WK598,once
WOB11,yearly
UDROS,yearly
S4DF0,weekly
3RSFR,daily
LO4A2,quarterly
0MYC6,once
KT50W,daily
23BWA,weekly
BNV1R,daily
IVU2I,once
7M0JS,yearly
SX7N9,once
IBI9H,quarterly
UI165,daily
TKKOY,weekly
WO3HS,monthly
N7O1B,quarterly
U2T7T,quarterly
276G6,once
BXB52,yearly
70BT4,daily
2PAL6,once
60H1R,quarterly
5QT5C,quarterly
JUYN3,once
QJNLX,once
PQAFJ,weekly
UXQ69,monthly
BL1EI,once
0QV7B,daily
AONGF,monthly
X920E,weekly
SENDJ,once
ACV5K,once
V5TW5,weekly
34RH5,once
W2DHL,weekly
MS2N7,once
AUE8L,weekly
8S0GN,monthly
M2VYM,daily
7GBLS,once
U6LT0,daily
6ZMSI,yearly
59SME,daily
53SQI,once
LZI0P,once
CYO9I,monthly
M66QU,daily
GMR8H,quarterly
CQR8Q,quarterly
3L9QY,weekly
CSRWE,weekly
WHAWF,quarterly
E9ULD,once
RF400,yearly
A1793,daily
NRZ97,daily
V450J,yearly
40ZOV,once
ODTSY,once
53TU6,quarterly
3IT62,daily
RGIVR,quarterly
WKE1X,weekly
OEMAE,yearly
VRAM4,monthly
X7HF2,daily
1M696,quarterly
DX25V,quarterly
W9WNR,weekly
2XSNC,daily
WI9VP,once
VPDWK,quarterly
XRFXW,daily
2TMA5,yearly
H2QBI,monthly
13Z85,monthly
ZTOWV,weekly
RSOS8,monthly
FCPWW,monthly
Z2Q5V,quarterly
U2YGG,quarterly
Z5G52,weekly
BWSL6,once
2W7AO,weekly
4XXY4,yearly
61QRG,monthly
AI43D,once
HVM9G,weekly
XJ8EA,daily
XMIBW,weekly
66OPR,yearly
9HIMR,weekly
EGVM6,once
327KM,monthly
7AD5S,weekly
RZ7HF,quarterly
7KQD7,yearly
SUU2G,weekly
AXZFG,daily
W5A3N,once
38J7F,daily
SKF0K,quarterly
8OQ2D,monthly
9NK1W,daily
ZMG9X,weekly
JT0IN,monthly
N8XZQ,yearly
YWB8U,daily
D9NBT,monthly
JF1A2,weekly
O45DA,monthly
JDLBS,monthly
D7KEH,weekly
I28CD,daily
VZJPN,once
193SA,yearly
MXPUE,weekly
EPO04,weekly
9S7LO,quarterly
WV67F,quarterly
16DHR,once
ZBRKF,yearly
V7WZ1,quarterly
518WM,weekly
6OXEM,quarterly
2YE9M,weekly
ZPCCO,daily
O5CE5,weekly
Y2KGG,weekly
86ZYQ,weekly
NIKCC,daily
KGXBD,quarterly
SE92Y,quarterly
AUR0N,quarterly
NAY94,monthly
C8A3X,monthly
WXA5M,yearly
10JCB,quarterly
UEZJC,once
NXCYW,yearly
VK7XT,once
3Q97W,monthly
WJMS4,yearly
QSJZI,weekly
2AAKL,once
B3I5W,daily
HGT1F,quarterly
EPG3G,once
VV73E,weekly
Z0BML,daily
4L7EB,once
N13VP,weekly
YJ2HT,monthly
K4ZWN,quarterly
GKT4H,weekly
H80ZE,weekly
UR4H6,monthly
BUYU1,weekly
M8A3Z,monthly
7R8IW,monthly
SX0EP,daily
AMBTG,monthly
TUSM3,daily
WIY7Q,quarterly
JME0R,yearly
1E322,yearly
0W57C,once
R3DGE,weekly
FOGBC,yearly
VE0PT,weekly
S4XMS,once
LPSK2,daily
9P0NA,weekly
HE51J,yearly
LFTY5,daily
W7DR1,once
FP6V4,yearly
EUNXM,yearly
SM7DO,weekly
7YNOQ,daily
9U4Q8,quarterly
3JJ4D,weekly
NXNWJ,monthly
BEDDY,quarterly
NLYRB,daily
0WAJU,daily
PQ0WD,daily
187CD,once
86BEC,monthly
X2ZGJ,monthly
E9TOC,quarterly
3EWHT,yearly
MH5US,weekly
CIIVR,yearly
3W5TH,daily
D6NXO,daily
PC664,weekly
CJYWM,monthly
3P90E,weekly
HWIAV,yearly
M512K,monthly
LXSA8,once
JV16S,daily
O9T4Y,monthly
S0RP1,daily
JH27H,daily
Y4Q9G,once
B8LZY,monthly
2YMDG,quarterly
J39RJ,monthly
MEN7X,monthly
NVFAI,yearly
M9RBV,daily
XICS4,quarterly
FCS5V,daily
DHXT8,monthly
R1LFM,weekly
M8GXL,daily
9RTUO,once
CTO6D,once
X8EYA,monthly
Q9SHG,monthly
UT4AJ,daily
O8PT9,monthly
U57B0,weekly
QSS2X,monthly
DLLU1,daily
GGXJS,once
KRW2B,quarterly
7IK9X,daily
ZT1S1,weekly
GVJVM,weekly
4WONY,quarterly
8N48J,monthly
M655N,quarterly
Z0MAF,quarterly
CUPAW,daily
49ZYJ,weekly
IC674,yearly
KSOM8,daily
M7POV,quarterly
CVOKE,quarterly
R8Y1A,once
HL1U7,quarterly
MVX6K,monthly
8291J,daily
EV1F3,yearly
EV565,monthly
H89GF,weekly
7BYHI,daily
UT7NF,monthly
9IL1B,daily
ONHCG,weekly
2XWI9,weekly
B1551,weekly
BJLWO,monthly
WMJW4,quarterly
SHJVQ,quarterly
UNKEK,monthly
JO2LS,yearly
AR8E8,weekly
X0UK2,weekly
771CT,monthly
IWM2I,quarterly
MYM9T,once
3CL07,once
W1027,quarterly
X2NKB,yearly
KDJLF,quarterly
TCV64,once
UKONE,yearly
CHMD9,weekly
4P23T,daily
PQHZ6,weekly
IIGZR,quarterly
2BZ5H,monthly
BPQT4,yearly
6X41O,daily
7PHA0,daily
KZ9BG,daily
OKOC3,once
KCFRG,weekly
7VBRB,yearly
MFXFN,once
RMG04,monthly
JTMF5,once
DFMOP,daily
DZMKZ,monthly
PI8QJ,once
OR4B7,once
K95U5,monthly
LSP9N,quarterly
CAIMA,daily
PCN4U,once
VL2CW,weekly
8JLCH,monthly
YZ6S4,monthly
LSYV9,daily
DQIGN,daily
M5XSS,yearly
Z8ARP,once
YZU39,quarterly
R6UNP,quarterly
5HDTU,yearly
5YDSC,once
M82X1,quarterly
2LXD1,yearly
0KWDT,weekly
KB771,quarterly
BY7OP,yearly
XG4KB,yearly
OGJI8,monthly
EIV0S,weekly
VPVDM,daily
K2SPN,quarterly
0I4DM,yearly
7XERB,weekly
8ZJ55,once
BR071,once
EJX8M,daily
BE1VB,weekly
8MGDR,daily
8WRD3,once
91EHE,yearly
WD6W4,yearly
LYNUP,once
VPE2I,monthly
V4L6B,daily
QSHXX,weekly
J7Y87,yearly
INGT5,daily
Q49L6,yearly
Q82Q9,once
XHJ6F,daily
5JTDK,quarterly
2817K,yearly
ISXVE,daily
SB6AV,yearly
BM3E7,once
SPY45,yearly
5NOW2,daily
H0HZA,daily
3R096,daily
KQ51N,monthly
JBU86,yearly
I5HWR,once
ZUZY4,once
7K3MU,once
BBPFK,once
3W6TR,once
90DJ2,quarterly
KHDNV,daily
AAZBC,quarterly
XKQET,weekly
R9OYW,weekly
X7KJJ,daily
9YJM8,quarterly
7F2GV,quarterly
QTMV8,daily
I1MHF,daily
N30O4,yearly
AN8GB,monthly
2RIM8,once
ESZLY,daily
N95A9,yearly
XVZUK,yearly
NYA08,weekly
V4LAN,weekly
L9V2I,weekly
HZUHR,weekly
U7NUT,monthly
9EGOQ,once
I46NH,monthly
2YKAZ,daily
TPJX2,weekly
Y0KF1,monthly
1S0VN,monthly
1PFCD,daily
L0XTQ,weekly
LPSVI,once
0AW1A,once
PH73J,quarterly
QOOOR,daily
DFL7M,daily
88MKO,quarterly
635K5,once
MC5WH,weekly
QEJ3Q,quarterly
EG4SO,daily
36289,once
N5GI0,quarterly
ABCAG,once
YNWKP,quarterly
P5GRT,monthly
BRA6M,quarterly
8C6ZM,daily
91HS1,daily
4B1IT,quarterly
CRGE1,once
OV22H,daily
N48HZ,daily
UJ7IQ,yearly
U1MPE,monthly
R5L9B,once
GOA1X,once
T2B88,weekly
61DR7,once
Y10C8,quarterly
21SSY,monthly
NQRUI,once
NN99C,daily
QM8CO,quarterly
FQT9S,quarterly
MDL6K,yearly
91QWU,yearly
PONU9,once
GHHI6,weekly
VQJ4W,once
VIQ7M,once
VRTN5,monthly
5IZ8C,monthly
Z6VDD,quarterly
JMV3R,weekly
4PSLL,monthly
ID1RB,weekly
PGXKC,weekly
5IXRK,yearly
II750,daily
0ZEHU,once
C802K,monthly
IX6E4,monthly
8DLVE,once
Z5D2A,monthly
QQ7KW,quarterly
6S907,weekly
XTT8H,once
D9A0T,yearly
BW4VJ,weekly
TV4SE,monthly
0RLDQ,daily
8R83T,quarterly
8XYYT,quarterly
OWOR7,daily
I1PDY,weekly
W5P1F,monthly
XCA7B,quarterly
4Q3GC,yearly
DBUU4,daily
6SZTS,yearly
2T8DT,monthly
SLNVK,once
HT61B,once
0N6J2,once
U4PLI,weekly
TLCX8,monthly
CS6OM,weekly
TKG5E,once
QO8TL,monthly
5OO3P,once
MMLE3,monthly
NMCS5,monthly
TVIK2,weekly
7TOYV,yearly
GOMSF,weekly
EIMJ1,weekly
LK4O5,once
TVL8L,weekly
GP13P,yearly
RIQN6,quarterly
YGK1C,weekly
JM6XO,daily
S2PAQ,yearly
5W7WK,yearly
X3LHT,monthly
NOMII,daily
Z85FL,monthly
JFKKZ,quarterly
ZEQVK,daily
LZW2V,quarterly
OWICC,daily
6I5GS,weekly
8VJHO,monthly
MJQU1,daily
1XH12,once
MW9WK,weekly
SKCTF,quarterly
L6Y82,yearly
YPSOW,daily
BTKYS,quarterly
VNJMH,quarterly
RBAQB,once
VOU0Q,quarterly
3YMJA,weekly
N16MT,yearly
UVB6W,quarterly
FS21H,once
1ST10,monthly
QPULJ,weekly
PGUTP,quarterly
BWNP9,daily
4B3RC,monthly
VJL48,monthly
LWQTG,monthly
7ISI1,yearly
FHLNS,once
XIU6T,weekly
G0PPI,once
1ZD52,yearly
QZD4N,monthly
IJWP3,weekly
YQ8UX,daily
OFCWG,weekly
GQPSS,weekly
FYHRP,monthly
8VPDR,yearly
LB5ID,yearly
WL6QR,monthly
4YH6I,daily
9LBL7,weekly
5RIL6,weekly
5I0AY,yearly
64U58,once
OJEPM,quarterly
XUPWS,yearly
MQ6D2,quarterly
5XSI3,daily
L9P3N,quarterly
98XKP,once
YZ4FM,monthly
CV3LG,daily
K7LD6,monthly
V4VEP,monthly
I49U5,yearly
OSQNL,once
RCWM7,weekly
7OFKK,daily
RVBZ9,monthly
YYZRK,weekly
KGZKO,monthly
AATWP,weekly
8MQ4Y,once
9UC9A,yearly
KR36Q,monthly
IGVH5,quarterly
F5Q0E,once
BSIDP,yearly
DJV70,yearly
VVYWJ,weekly
PH7G6,once
TX5SJ,monthly
BUBOL,weekly
AFTPE,yearly
RX7BU,daily
1OZFH,quarterly
YATDP,yearly
LAR54,quarterly
X3O4G,daily
DOGKE,daily
MRRFY,daily
DMKA8,monthly
6YGLV,once
E1ZUS,weekly
2XMIX,daily
TCHLD,once
L3JFO,weekly
TRJ3M,yearly
93VFD,daily
D1CDN,quarterly
CGO82,quarterly
FQ6M4,monthly
HR92N,yearly
WR7K1,quarterly
Z8L7I,monthly
FNFQ2,yearly
YIJZZ,monthly
UZFET,yearly
M71NZ,quarterly
GSHVM,yearly
ERZ51,once
I03YC,monthly
PWAD9,monthly
RHVNE,weekly
V1RI2,once
WCCBG,daily
6NH4Q,monthly
GQ46R,weekly
NDJ3N,yearly
2C3NB,yearly
R6JKG,monthly
MBEW1,weekly
7U5ZQ,monthly
TIZ11,once
ZIE9T,daily
BCBYO,quarterly
SRJGW,monthly
U9N54,once
N18GQ,yearly
VJCU1,once
EOD6K,weekly
ZRC8K,monthly
IKNTK,once
DFAP4,daily
H9K88,once
EDKU9,monthly
C7F77,quarterly
927OA,once
3C166,once
BLKGF,weekly
N9B9M,daily
BM21V,once
PUU71,yearly
I3VNN,yearly
OII16,daily
XSY7J,daily
X0MBW,quarterly
NF1VM,daily
WIX3U,quarterly
JJP9N,once
SF1B4,daily
TH0IG,yearly
YZ31A,once
VAPZV,weekly
6TI88,daily
DRJHJ,daily
X852A,weekly
76IIX,weekly
5R6BR,once
4TB3U,daily
TNMZU,daily
EJCNK,monthly
HZGY3,weekly
U5A9K,weekly
GJM6C,monthly
69YE1,yearly
RUVID,daily
AXD1X,monthly
9F8SV,quarterly
X7VPU,yearly
D6YBH,monthly
G5H3L,quarterly
3BE5H,weekly
7NWMT,yearly
NTDCM,yearly
1AA2C,daily
Y6EC4,monthly
ZXVA5,yearly
Z965A,once
ZHND1,monthly
K0ZJS,daily
WOOTB,yearly
76BX8,monthly
K4UET,weekly
JBI9O,yearly
C3B9Q,weekly
330VZ,weekly
4CYRD,monthly
HLH8X,weekly
EALTD,once
BI1ZN,yearly
AOJR3,quarterly
DMRC3,daily
YCQSP,monthly
CBU7D,daily
F7549,monthly
OMIGS,once
MGBJ0,quarterly
PK0GE,yearly
OO7AU,monthly
67PRP,yearly
KN7Y0,daily
8YIKF,yearly
8YT6D,once
5N9XV,quarterly
MLE0C,monthly
F7HHB,yearly
CNUS5,once
YFCNV,weekly
F42D4,once
3QH48,monthly
W7M2F,weekly
XAV0X,yearly
U6TZ7,quarterly
3QC9E,quarterly
03KQS,quarterly
JIQHK,weekly
VNXYW,weekly
Z1L9Q,monthly
2W7MA,daily
PYM3T,quarterly
NUUZE,monthly
1B1PX,monthly
AVELX,once
T6PM6,yearly
9QIWM,weekly
98GK8,quarterly
Q6MD7,once
WM645,once
JKWP6,weekly
809ET,daily
MB7WD,monthly
OQH2R,once
IWKF2,quarterly
W476F,monthly
KPQIW,daily
KVGQU,once
HOY0Y,quarterly
SXPWS,weekly
I5152,quarterly
WA88F,once
CWHEN,once
OV00P,monthly
UEXL6,yearly
CKHWC,weekly
CHC0U,monthly
G6W8L,daily
QYXZ1,daily
R4BB4,weekly
XDQX8,monthly
EDIZB,yearly
W1660,quarterly
PNV6Z,yearly
564A0,yearly
8J5CL,daily
HYMQO,monthly
Y6IF3,yearly
NH1D4,quarterly
F28QK,once
MKWMK,quarterly
AUEJG,weekly
B7P6R,daily
NKVYU,yearly
MA1XV,daily
YHRLM,monthly
T1PVO,once
E6NMP,once
YNSB8,weekly
DXM5R,quarterly
7DZ06,once
G01G8,weekly
C4J5O,daily
4PEW5,daily
0WZ23,daily
PWSE2,weekly
BD41V,weekly
P29HV,monthly
FHH8T,quarterly
O14UE,monthly
42KRW,once
GD1O1,monthly
RSYTS,once
NMSJA,once
L248Z,monthly
PN54O,once
0E42Z,weekly
UEP1Y,once
BADTV,monthly
L8I6F,weekly
43H20,weekly
D8ZQ2,weekly
178XE,monthly
90LCO,quarterly
9PSME,daily
FXE7Z,yearly
6XAGM,weekly
B4WGO,quarterly
Q6BRQ,yearly
51GTK,yearly
WSZQS,quarterly
09T7J,daily
PBZL5,daily
EYLEB,monthly
0VVQH,once
MADUT,quarterly
AGGYX,weekly
8C6Q8,weekly
V0USC,quarterly
ZQNEM,yearly
CW8N2,yearly
4669U,daily
Q1HVC,weekly
FK8WK,monthly
AAZ0Z,quarterly
LQGG6,quarterly
UXGSA,daily
NA8LX,daily
FFJE0,monthly
OCJMZ,daily
ZZ1Y8,once
SCCA4,monthly
JKHBF,daily
6RYL1,weekly
4W5AK,monthly
42JI4,quarterly
HXAHR,yearly
VVFC5,quarterly
BORXY,once
ETPGJ,quarterly
5UII6,yearly
LVOPA,weekly
I2LOR,once
RB5IA,once
I2R6R,quarterly
JT09N,daily
DR5HM,monthly
DG8FT,monthly
PSYCJ,daily
5W7OJ,yearly
IIKZG,monthly
ML5X1,yearly
HD7IO,daily
U90VS,yearly
023FB,daily
C4EE5,weekly
GUQ28,weekly
8RVGS,once
NC1T0,quarterly
QX34P,monthly
MMPBD,weekly
XIVDS,daily
5A8BD,once
7ZFBI,quarterly
UVXD3,quarterly
DV4SN,daily
KWLIJ,monthly
EUDZ5,once
QJ8WN,quarterly
JUALB,monthly
H10AB,monthly
6GUIW,once
XCODN,weekly
2DMWI,daily
A3YW7,daily
AK80A,yearly
02ISS,once
8XAHD,monthly
HDRV1,monthly
2P0A1,once
JKTCO,weekly
I9BSS,daily
EGFV5,once
JPWP8,weekly
SOOW3,daily
MULR5,weekly
P56HC,quarterly
XEHU2,weekly
E6FLL,daily
WHQ8P,weekly
1ZCUJ,yearly
OIUC2,once
3LA1T,daily
SN09B,once
1UU1K,daily
HMH9V,yearly
7ALVQ,once
3RE3D,daily
KZZIF,once
91PWF,weekly
W2JZA,yearly
1DUJR,monthly
HLJIH,monthly
GDTKP,yearly
5ZE3D,once
9SKZ0,monthly
5OD8K,daily
ETHXX,once
X2NZS,monthly
CZHSN,monthly
ZMXIC,quarterly
IY7JD,monthly
QQ9DN,quarterly
ZSYGA,yearly
XF6E5,daily
L9D2X,yearly
6TGES,monthly
M5VN9,daily
VHEX7,monthly
TCKRC,monthly
AC1PU,once
UR4LY,weekly
8BFJ9,once
M2QF3,monthly
2CI85,yearly
57CQB,daily
NSJXS,monthly
6KXXZ,yearly
7XXZ5,once
70D71,daily
Y0RSA,quarterly
M7K4P,monthly
VC3M2,daily
TI3KQ,yearly
SWKO4,daily
YZUZ7,once
Q9VYQ,quarterly
951GK,yearly
6Q4YW,once
4WI82,once
IJQDX,once
XANZT,monthly
3XND7,quarterly
1IJ4G,quarterly
GUKS1,monthly
164W7,quarterly
8BYT3,weekly
JCUNN,daily
EKEMN,quarterly
R23XR,yearly
GZWMJ,monthly
D63OK,weekly
IAOHR,yearly
KF93G,yearly
J4142,monthly
8ETS8,once
A5YA2,weekly
X1LNO,weekly
ABGT3,quarterly
I5AIS,weekly
F8DX5,once
7W8QP,daily
KSKDJ,quarterly
L0MNY,yearly
GGOQK,monthly
F345D,yearly
RS48W,daily
BGXW0,monthly
0G1AD,weekly
D9JEH,yearly
64NEK,weekly
JA743,daily
3KCQY,monthly
RGTHN,monthly
MSLQP,monthly
64SP8,once
B1WTJ,monthly
IGA77,daily
KEDMH,weekly
WQVYU,daily
4NBH1,daily
UP07X,weekly
WDR29,yearly
IAZYI,daily
E7DGW,weekly
MOE89,daily
GC0S9,quarterly
NO2LM,daily
VCZ77,daily
XE8IF,once
9C4UJ,daily
AQ5BN,daily
5LAEH,quarterly
QIFKY,once
16S7Q,yearly
P7MN5,monthly
3AT9Q,daily
OXHGL,quarterly
2VBS7,daily
RAQJW,once
TL33P,yearly
V4J2B,weekly
F71V4,monthly
CFG90,once
IU2LU,once
HCWCI,once
KLTLO,daily
L0325,once
QZ6DU,weekly
CEX9Q,yearly
SM7HE,yearly
ZX2Y8,quarterly
KDGEM,once
UTQTP,yearly
EX595,yearly
EOXEW,daily
P4HLE,yearly
HO3J6,weekly
7GHVZ,monthly
IJPCC,weekly
AH9UG,weekly
6Y8W1,quarterly
8QD1R,quarterly
MXK15,once
0TZUP,daily
6HMTH,weekly
GLYAK,once
RTAS5,once
AB3ZW,once
FPKUQ,once
80KPU,daily
4S1DM,yearly
FC134,quarterly
9Y6R4,monthly
056NO,monthly
COOIX,daily
3YK2E,weekly
C1QUJ,yearly
GBTZ6,monthly
LTRNC,yearly
N2ER8,daily
URWH5,yearly
EVVPE,yearly
G0KA5,monthly
VO5S5,once
OZ28R,yearly
D68PR,daily
VYD6H,yearly
KKOL3,weekly
7ZCBS,once
BKH3U,daily
LN1EX,yearly
Q7F1R,yearly
T2WYE,weekly
D7NZZ,monthly
U6CSS,daily
FOHTA,monthly
KGOUT,quarterly
YZX0A,weekly
RG4YT,once
BR6RQ,daily
9AETY,yearly
VG902,once
DDSEL,quarterly
VYW4E,daily
08OCF,once
J1HWS,daily
E9T29,weekly
LWQSL,yearly
R96SU,yearly
ESHA9,daily
WU9Z7,once
Q4UCJ,quarterly
OGH9A,weekly
WPF85,weekly
I6RYC,once
A5MWT,quarterly
LTVME,weekly
QD71A,weekly
UNNR2,quarterly
6DMN1,quarterly
B95CA,quarterly
NUU4G,daily
T4I5S,yearly
91MJB,yearly
X8P3Q,yearly
S519U,weekly
0BY8G,monthly
QZD45,yearly
4TG4N,quarterly
O3ZN5,once
NPO7D,monthly
S8YWF,quarterly
HH6T6,yearly
N6A3E,daily
P3P9X,yearly
PL34R,weekly
E0TV1,once
ZOXPM,quarterly
8GZ1M,yearly
VNY1I,monthly
WV789,daily
PAA9W,yearly
ZP2ME,yearly
L0AT8,quarterly
KHM5C,quarterly
RXJG1,daily
P0A56,once
A6ZFE,daily
BJ697,once
TWRKK,quarterly
LFAYI,once
D4GDL,monthly
NGXUK,daily
U9N6V,monthly
0CPCE,weekly
CCTUH,monthly
ZBFFJ,once
UYDNG,weekly
YIMUR,daily
KQC81,yearly
OYWB8,once
K59CY,quarterly
5RUIP,quarterly
X4MWD,quarterly
1YCO1,quarterly
H0SXG,daily
2VRCR,once
C0SBB,weekly
2JES3,monthly
P2WR3,yearly
DNJA4,yearly
VLLPK,monthly
4PW4D,once
1M88Y,yearly
FVTDR,quarterly
C4IMU,daily
097XR,once
35QXE,quarterly
F5WDS,quarterly
NNMV4,once
XZOGN,weekly
TUBY0,yearly
ZM5AW,monthly
Y908W,quarterly
LRG7J,quarterly
8EEJQ,monthly
6S4YU,quarterly
J8EJB,weekly
IJECD,daily
JEJ8D,yearly
5VRFZ,once
XGFKD,weekly
MFJHF,once
FM92D,daily
ICE45,weekly
JE7QN,yearly
RP7Q0,monthly
UPAZU,once
OS2TV,weekly
GVRRL,weekly
VDEO6,quarterly
7T86D,once
DLR5O,monthly
45C63,weekly
BM16K,yearly
HKYKY,once
0DVG0,quarterly
9DY18,quarterly
VXHPA,monthly
5WNW3,monthly
ZQ0FJ,quarterly
UTXZH,daily
BQPLM,once
2TXXU,quarterly
PI9JV,quarterly
3TL2H,weekly
YENHB,once
43WSS,once
F8E5O,weekly
5K743,weekly
XJ88C,yearly
Q8J30,weekly
8KXXU,quarterly
JY36T,once
PYIE4,once
Q4UKL,quarterly
LK62L,monthly
HYDFI,daily
PPIPU,weekly
8D1QQ,daily
9SBGK,weekly
HGIBE,quarterly
QIWDL,monthly
N6YYX,quarterly
H8HT2,monthly
K576Y,yearly
4UBB0,once
SDD2W,yearly
9SEGC,yearly
ZACZ0,yearly
U30F5,daily
IM9N5,weekly
VC599,daily
G6CL0,once
4CSNW,yearly
0TXQ6,once
X3JID,daily
AM7B1,weekly
TYOX3,daily
58SFY,yearly
TQBFW,quarterly
H5EH2,monthly
LSUAA,monthly
ZN0U0,daily
ABSUE,daily
WOVEU,weekly
FHRW1,daily
A6NWU,weekly
R1CW2,daily
KLTHN,once
Y6YM1,monthly
2AKOK,monthly
E51JK,yearly
UDZI3,quarterly
045RD,weekly
U4L8A,quarterly
K1ZZI,once
IP8CY,daily
4QCGX,daily
WVYMK,quarterly
K5KDC,daily
X4H5Y,yearly
W30RB,once
CZIJG,quarterly
L677M,quarterly
8C4G3,daily
KN2AH,monthly
0XD2Y,monthly
XCCVY,once
95XSY,daily
8G4BO,quarterly
NCTKO,yearly
4WRIQ,yearly
WRWM4,weekly
KIT03,once
ATB5Q,quarterly
D3U37,yearly
27SZF,weekly
U5MNX,monthly
V750Q,weekly
CC0O8,once
WVY5Z,yearly
X8IQC,weekly
3C3YR,monthly
M805H,once
H78YV,monthly
IYCCI,once
BLWZY,quarterly
RRJ7X,once
WRVCX,quarterly
OOX8F,daily
JTOF3,weekly
95YRZ,yearly
GRKEY,quarterly
OF770,quarterly
YIQF3,once
JGBOE,monthly
HDX5Q,once
JTTX6,weekly
O3H9Y,weekly
XNOPY,once
7AR0K,yearly
IHJ5N,yearly
WKD7L,once
1QQGZ,weekly
K16BX,yearly
WBP3Z,yearly
GCVT7,monthly
AN633,once
A09KW,daily
N7IF1,yearly
5KIRT,yearly
L5EQQ,once
R8D0Z,daily
9EQ7O,yearly
M0332,quarterly
AFM21,daily
KOLM6,quarterly
ZG4HN,yearly
KS4UU,weekly
1V9FH,daily
7FX8V,monthly
2IZGX,once
TRUAN,quarterly
SIA65,monthly
1RC7O,quarterly
JUWYO,once
VBGUH,yearly
0OXQB,yearly
EHHUB,once
P7GNH,quarterly
M1OSG,quarterly
AQDIG,daily
TISVQ,yearly
8HN4B,weekly
RVKZR,daily
WJVR2,quarterly
A0E9Y,daily
1DB38,weekly
7GPB2,yearly
RF5N7,monthly
RDLDR,monthly
4CXAF,daily
HZIBN,daily
5GL41,weekly
SQN6A,once
F04C1,monthly
1LOCC,yearly
OHUFT,daily
W1LQ4,monthly
5W9NE,daily
J8KY9,weekly
8ZBYL,monthly
JNY08,weekly
0XW9D,quarterly
72W1H,once
NZUHA,monthly
R1HRI,monthly
DOPBR,daily
4NW3S,quarterly
2KD6U,once
P1RO0,yearly
EPKPD,daily
RLMFM,yearly
EXY0Z,yearly
BSU9A,weekly
313DX,weekly
TLC18,quarterly
FSPAV,monthly
N349R,once
L6K92,yearly
CQLO6,yearly
OGNYT,yearly
4HT2T,quarterly
G6XY1,daily
YNRCB,monthly
VTYPF,yearly
6JUPN,daily
VGI1L,quarterly
1XDZR,monthly
9BKTO,yearly
HKATI,quarterly
ENFF8,monthly
ZRK4J,monthly
IQIAG,weekly
MS227,yearly
ZSCPP,yearly
E7L44,weekly
4F3SC,daily
JC2RH,yearly
OZGCM,monthly
OYFNI,daily
WAIA2,monthly
44PZK,once
IATKX,daily
4SR7L,monthly
VBTLX,once
B3OHD,once
TL2N5,monthly
AIHQB,quarterly
7RGPH,yearly
7217W,daily
MY8VG,yearly
UY2H9,quarterly
DVZ7T,yearly
3CW53,quarterly
XAG72,yearly
HEERG,quarterly
4CAR2,yearly
UFN5R,daily
9D9OM,yearly
SR0SZ,quarterly
NQG7W,daily
X6B1N,yearly
I61YT,once
7CQEC,once
U0XZV,yearly
U55ZS,once
GEOZP,monthly
IXZI0,once
7SJYU,monthly
1ZAYY,yearly
CBG52,quarterly
6RLUI,weekly
AVLT5,yearly
F0YP7,yearly
MYKEL,quarterly
ID80Q,daily
5AVP5,yearly
K8GM8,yearly
XG1PB,yearly
H1MJD,monthly
5U8QH,daily
SI8T4,quarterly
THFWC,yearly
U9VGV,once
EZ3PA,yearly
0HT6P,weekly
4XY10,once
8OS5F,weekly
EYYOF,weekly
SSUQ5,quarterly
0IXUU,monthly
T9VBV,once
3GQXD,once
Y58PD,daily
RLD53,quarterly
7HOK9,monthly
C0J8K,weekly
DP3EN,quarterly
H5Y1H,quarterly
TGW4Y,yearly
OD56O,quarterly
G0FYV,once
KE9LJ,once
9HWL5,once
U61OZ,daily
5DCIE,quarterly
UYE30,yearly
6QZC0,monthly
K3JNL,once
JL42X,monthly
NF1A3,monthly
99RH5,monthly
3UISG,weekly
X26SO,monthly
ZX8TZ,monthly
HAAT2,once
3XC87,daily
70FWE,weekly
V7824,daily
XG7KV,daily
LZQ5P,weekly
1LPZV,yearly
9J1JV,once
CZ2PH,yearly
81CD0,weekly
YEBHV,once
AJWGF,daily
DH3JO,monthly
LAHCE,yearly
3BLOR,weekly
3ZCRU,daily
5V49P,yearly
VKZ58,yearly
AOAOL,weekly
O8DYQ,yearly
2BYNP,quarterly
ZK0RH,yearly
EPOSZ,quarterly
WCB6Y,daily
7BA4Q,once
MTD42,quarterly
8SBQH,once
HPJNS,once
VS6GH,once
FSHHO,yearly
FFSBE,daily
RMBFD,weekly
M4FF2,quarterly
43SSH,weekly
220YV,weekly
H3OHT,monthly
0C5NK,once
YEXTH,once
R28ZV,daily
ZAUQO,once
RABV0,once
16L1B,weekly
OIAWH,once
GGA5I,quarterly
DTR93,yearly
RB0V5,daily
F6EW9,weekly
KVYZZ,daily
5OGA0,quarterly
B6AX9,weekly
325ET,once
7J74H,monthly
IAU01,monthly
JFNJR,yearly
00HA0,daily
WHATT,daily
R3BJL,monthly
U78VC,once
39EPH,daily
53JAC,quarterly
QPZG2,weekly
2I47G,once
T3LBZ,yearly
2V90W,once
R5J1D,quarterly
1BK15,yearly
9KF13,quarterly
3BGXG,yearly
CP3UU,daily
76I1M,quarterly
JXTIO,daily
ERFBY,daily
9TOWH,monthly
QIDO5,daily
YTD2D,quarterly
LBRR3,yearly
D1H72,monthly
6WUM5,monthly
OFTJE,once
Q4DC3,once
0YPWW,weekly
40MFQ,once
PYJPY,daily
3TYM3,daily
7TO2J,monthly
9D537,yearly
3C5S5,once
5S509,daily
OKHYY,yearly
IV6PO,monthly
NRSSU,daily
ZOBJA,quarterly
2KE00,yearly
0WHE1,quarterly
ZO0DX,weekly
LTVW9,daily
62QBI,yearly
TSXF4,weekly
FJMEE,weekly
WAO8L,daily
KJH8H,monthly
D5XEQ,once
5PYO4,once
UXJ7D,yearly
BKET7,weekly
QEA0D,quarterly
P8BAI,monthly
INJX1,yearly
0832A,once
NXHWI,quarterly
GRMIA,once
I0CTU,yearly
QIYWU,quarterly
A8DSM,monthly
LZV8U,yearly
WB27F,yearly
NNB7T,weekly
81JV6,weekly
6NJ6D,monthly
VA9SH,weekly
2WVRA,daily
5MSZJ,monthly
NNIAI,once
NU5MP,yearly
60RLH,monthly
ZOV7D,daily
L6R4I,daily
969KG,monthly
LFM42,yearly
DAKVF,yearly
I7KWS,yearly
HYW12,yearly
JGZH0,weekly
HWBR1,daily
T6VJY,once
BLQVY,daily
VCK3Q,daily
WTX1N,monthly
JSDUQ,daily
9WXNE,yearly
OTR3V,daily
TSR4C,monthly
I4C8A,once
MBV8I,weekly
LGNGM,monthly
9VSBY,weekly
108IR,once
2TCNB,quarterly
HYX8W,daily
CTDEY,once
HY31G,yearly
XDIR8,yearly
MS2CX,weekly
Q83P8,once
HX26K,monthly
T1R5H,monthly
QHHB6,quarterly
6R6HC,daily
4736I,monthly
KMTRC,monthly
AEJ90,monthly
3OPPI,weekly
KEE0J,weekly
QW5S3,daily
SD263,weekly
0W2YD,once
ALWAL,once
47KGP,monthly
I8FFU,daily
O4M3J,monthly
2OMOS,daily
0UOCC,monthly
LOHAC,once
IWOX0,yearly
ZSCBA,weekly
AWYI6,daily
PHL3A,yearly
22MKE,monthly
GNMYE,yearly
DBPHV,weekly
7NQA3,once
5LWRY,monthly
0UNWN,once
JZA8P,monthly
PXKQ4,weekly
V2MD4,once
C3IOZ,weekly
HL98B,quarterly
PQN0T,once
XG8FW,quarterly
3ENBZ,quarterly
ZU1XF,quarterly
OF17O,weekly
02A3A,daily
NCXHW,once
CBK8A,yearly
XK5JB,monthly
270Q5,monthly
WBEY8,daily
MZ0CC,weekly
3WX3K,quarterly
TMQ3V,once
HRIGC,once
XT5EE,weekly
HU4QB,quarterly
03CE3,weekly
43HWH,yearly
8QS8E,once
VDPBY,weekly
PKKS9,daily
838YX,weekly
4HAHJ,yearly
2NJ4E,once
NIGVA,quarterly
8FQEJ,weekly
67RFL,monthly
1SM77,monthly
SAF95,monthly
GP02D,monthly
3XNND,monthly
ORE33,yearly
FTE5K,weekly
SQ0VJ,weekly
6NE9K,quarterly
KH9YG,daily
NP3HS,once
Z6AUR,once
BY7G2,daily
2Z6ML,once
FCC2T,weekly
712LM,daily
RXRIO,daily
X3IZF,daily
S770A,once
488S8,yearly
3E1K5,monthly
LV5ZJ,once
5ZS2Q,daily
R7U1D,quarterly
E4BZL,once
008B5,daily
JUTW1,monthly
WALEW,weekly
EZZO0,monthly
4GA7X,once
DVE0I,once
U2547,monthly
RYRLP,daily
5BYS4,yearly
WBNT4,monthly
E2E4K,monthly
6CF97,monthly
W3PVO,daily
MCK3E,weekly
TQXJ6,once
J3DFZ,monthly
AMH7H,daily
EJOSY,daily
5BPXO,yearly
AEZQS,once
KS2PG,monthly
Z4CVZ,weekly
7UHYH,weekly
3IG9B,once
X17ZG,yearly
ZVVTC,quarterly
BJOXQ,quarterly
NCFKQ,weekly
Y194K,weekly
3NNRH,quarterly
UGYVS,monthly
1WXFW,daily
20UI8,daily
6JAAH,monthly
RFQNC,daily
P3Q01,monthly
QYYE2,daily
3EOYK,weekly
MSU7R,quarterly
H0VM1,once
D8IAQ,yearly
Q56C5,once
ZO0C6,yearly
NA7OM,daily
5C7SX,quarterly
K2LSZ,daily
8YJJT,monthly
G7TQR,monthly
99FB9,quarterly
JYBO1,daily
W9A30,monthly
8UYZW,weekly
NCALG,monthly
H7CXM,daily
8CR0C,weekly
PBCIG,yearly
FVVDE,once
SSHQO,once
N184W,once
W7N9V,monthly
2QJTW,monthly
3YLG2,once
AEW7U,yearly
QIDW5,monthly
097YD,yearly
TT9NJ,weekly
6PG6C,yearly
X9CLC,weekly
QDQE7,daily
WUAA1,monthly
CIMGB,weekly
WN1H2,yearly
LM2FF,monthly
YZFWK,monthly
K6Y4D,once
C0992,quarterly
NN5FM,yearly
PRN83,quarterly
U1CXQ,yearly
JF6TB,quarterly
OCRZE,daily
I3UR0,weekly
NIM7J,quarterly
7869M,daily
EK73U,once
5KJ7W,quarterly
CPPIR,daily
X4OV8,daily
YJEBI,once
2XH56,yearly
7R2JM,monthly
36FY3,weekly
CCYSP,daily
TH1UH,yearly
O8BIB,yearly
DZ6DE,weekly
R3NYW,monthly
P80WO,quarterly
JG4EA,weekly
ULMVY,yearly
8B42J,quarterly
KBJGH,monthly
YJRT1,weekly
N6GSQ,monthly
6ZX6A,yearly
S96QH,quarterly
K2CD7,weekly
WQ1UR,daily
T9D8D,once
AZ5EL,monthly
UERJF,weekly
VUJUT,yearly
1KIJT,weekly
NOH1U,daily
KLILD,quarterly
G5CLD,weekly
9EGG6,daily
YBS45,daily
PA0LB,quarterly
IKDP3,once
DIEOX,quarterly
BCXLT,yearly
M6L9X,once
84MTD,daily
5QZF7,quarterly
AQ8ZK,daily
CQOL1,quarterly
BNMKU,weekly
H6NR8,weekly
YEJBQ,weekly
5Q5WI,quarterly
0NP3X,quarterly
MAM38,quarterly
AN6QI,monthly
Q4PMS,weekly
WYGIH,daily
MJOCP,daily
D5JXM,monthly
AXVVV,yearly
A77X8,weekly
M62I4,weekly
U3S21,yearly
E1VJQ,yearly
GQBVG,once
SKOK8,once
T2QLM,daily
LF8NP,weekly
BISW2,daily
8HSYB,yearly
H5ORY,yearly
JEFEK,weekly
YJOVW,weekly
ABDAO,once
JPTAY,monthly
ONUFE,monthly
OIK8F,monthly
H3PRI,once
R5P40,quarterly
818XG,monthly
8NA6F,daily
5WT6O,weekly
WCN9R,monthly
YJIKY,yearly
3DLLF,quarterly
TVSC3,monthly
SGFNB,monthly
0WXW7,yearly
5GE28,daily
9N9TR,quarterly
79VP7,yearly
TT0W1,daily
INU3L,once
IDBJQ,weekly
EAZ3J,once
H222F,once
2LVHD,weekly
XGZ7O,yearly
Q5QJB,quarterly
ZD9I1,daily
EVVBQ,weekly
2ECO7,daily
ZHU37,once
3RAPJ,weekly
S90EO,quarterly
GBRYR,weekly
QVMBI,daily
I4PEW,monthly
DDATX,once
UOGGP,weekly
V88H1,monthly
XZ2KF,quarterly
QXKB3,daily
MBP8H,quarterly
4WM8Y,weekly
11PLM,daily
FI4VA,weekly
T9X1V,monthly
LXN8C,yearly
GJEM5,monthly
C3WM3,yearly
JZBH8,once
N9M8G,yearly
QX4W2,daily
I1IL7,quarterly
ONKY3,once
URXSK,daily
J458O,yearly
9DXL1,monthly
BD571,once
WSMKJ,yearly
UZ5ZF,weekly
NX1KF,yearly
0BUHX,quarterly
94OTL,quarterly
7TK8M,once
FT2JA,yearly
S0309,quarterly
PDYWN,quarterly
8ZFK9,monthly
O9Y4H,yearly
0YAM8,monthly
4GLOC,weekly
V9B7X,weekly
9V1V6,monthly
FHOIY,yearly
R33QA,daily
Y5PT1,weekly
IM0BT,monthly
A5KSA,once
XD7VL,once
JTZIV,weekly
UDH4E,weekly
GA0UY,yearly
5N6BX,monthly
OFNJQ,once
X39UN,yearly
0G9UO,yearly
FD7D5,yearly
YZG2A,once
VU3F6,once
OP3SJ,once
L8S3F,once
KKKVK,yearly
XDBF4,quarterly
VS1JL,yearly
T12HM,yearly
WOB08,quarterly
DF2W8,weekly
H8RL2,daily
N3WOD,daily
9HP5Y,once
L399R,weekly
KCQ1C,once
1VMHF,yearly
W6HFD,monthly
KV9KX,yearly
XV3QE,once
4WKTC,weekly
NL98D,once
0U2CX,weekly
BJNU0,quarterly
PWAEF,monthly
ZL0EG,yearly
PCMOG,yearly
GDOHG,weekly
IU79H,monthly
3OEXT,quarterly
SB6QJ,once
DZ0HE,yearly
A0NY8,quarterly
P95Q5,weekly
6216P,quarterly
2D3JC,yearly
0L8B6,once
6XMAN,quarterly
IVQEB,yearly
7DWR4,once
QLKFC,once
U6W9R,daily
7NXE5,once
A6E9B,once
QCM3U,monthly
0BMA1,weekly
AUYX3,once
U8PJT,weekly
P7PZG,once
CGLWU,once
J0J44,once
10Z7E,quarterly
9WAH9,quarterly
01F1H,quarterly
3G670,quarterly
ZYISS,quarterly
4JJ3X,weekly
V4AWC,once
XVTB4,weekly
DGNF5,quarterly
WI6I8,yearly
KN8SR,monthly
1VSMH,once
JSGI7,monthly
OOQ1N,once
RB073,once
L3HRU,monthly
W5F96,yearly
ZQMEW,daily
0DBO6,quarterly
M9CV3,yearly
YFWD5,quarterly
7S9YH,monthly
3PDJT,quarterly
TPFMM,once
A6QTQ,weekly
PNXYD,daily
VZGAO,yearly
DY2MB,once
1GNZT,daily
3DMYH,daily
QSP6R,daily
UEZBI,yearly
Y4RI7,monthly
TZN76,monthly
3FHD0,weekly
LMI12,daily
QZ2C4,daily
BS0M9,daily
ICWTJ,quarterly
DUBDY,daily
36HOX,yearly
2GSN6,monthly
3EF7R,daily
5A8V2,yearly
ZXCTN,weekly
D5A3B,yearly
WW5TB,weekly
A3LDK,yearly
RYEJM,quarterly
XGG9V,yearly
ROJWJ,yearly
L5N97,once
B08ZK,yearly
ZW9DN,monthly
HN5J4,yearly
R7714,weekly
9HMG4,daily
0XX0X,weekly
KZ2IL,monthly
X2UOA,weekly
E3G2K,monthly
Z7J42,quarterly
YT04A,yearly
HNAW5,weekly
RY8F1,monthly
D4UOM,weekly
XBPB3,quarterly
7ZN38,yearly
V4QMZ,weekly
HJVR0,monthly
Y64EJ,quarterly
HDBUH,daily
PF92Z,daily
RZ30S,quarterly
R78FE,quarterly
ZEJ0P,daily
60CQW,weekly
6K3AB,weekly
96CQ3,daily
GS7RC,daily
9NO7P,weekly
HN90E,daily
4PM9J,monthly
BAVY0,once
RM3Z3,daily
YW6CY,daily
EYVQW,once
C69AK,once
4AONS,daily
XR685,daily
JZ282,yearly
8TDSR,once
5AICT,quarterly
AEJ3P,daily
B3GOJ,daily
UZVJY,once
OM628,weekly
U56CI,yearly
6JJ1P,monthly
R5T07,once
TJKCW,once
M3EA8,monthly
RGH5R,quarterly
UOK1I,monthly
UJX04,once
OW1TO,monthly
CNNZV,yearly
RBCCT,quarterly
1VQUS,weekly
7HH0C,yearly
AYFF1,monthly
MOEMM,yearly
LXTQL,yearly
5L6JQ,daily
5N0EH,daily
13E8Y,monthly
3KPDQ,daily
MV9P9,daily
DIR1I,quarterly
CZAMZ,quarterly
ZBJUZ,quarterly
G68DR,weekly
6BTE7,weekly
Q4OP8,once
BRASZ,monthly
6QQG1,monthly
DHUVC,monthly
A91GY,once
TXCW2,daily
OEYRT,quarterly
5FEXG,daily
F90SW,daily
L7XHK,once
32MPV,monthly
L0LCG,yearly
ZK1TA,daily
LBZ2N,weekly
0O042,daily
0WHMO,daily
7JRFX,weekly
4E9MD,monthly
M6CYH,quarterly
DDCS2,weekly
13TAI,yearly
2PIHR,daily
US448,quarterly
M1Q54,quarterly
X12ZR,daily
WQG5T,daily
5ZGDH,monthly
TMJ51,quarterly
HMWBH,weekly
O0J1J,daily
09TK2,quarterly
HM9FM,weekly
YMYJO,daily
Q4UH5,once
3S9SZ,yearly
2BW6C,yearly
WVSW0,once
58O0H,weekly
CIEZU,weekly
D7UPO,daily
T56ZE,weekly
T7DQV,weekly
4JPGT,daily
9DM3N,weekly
MYA06,once
488TU,once
SFIF1,once
NUH8C,daily
MFORO,once
BUY8K,daily
GMBNE,weekly
QIW1E,quarterly
NPPR3,quarterly
6NXK0,daily
R3X8A,once
BLBDW,monthly
W1G69,weekly
QCA96,weekly
LNNVZ,daily
LX3RZ,daily
QPNHF,weekly
WNR4H,quarterly
TCBIA,daily
W6ST3,daily
4IP9Q,once
MB60D,monthly
DF4GM,daily
1T3WI,once
CSHIL,daily
MEX0A,quarterly
